pair,asset_x,asset_y,exchange,interval,period,exact_mode,spread_id,strategy_id,mode_valid,mode_source,mode_blocker,sharpe,returns_total,returns_total_pct,discovery_min_sharpe,discovery_min_returns_total,passes_sharpe_gate,passes_sharpe_gt_2,passes_returns_total_gt_20pct,hurst,half_life,pearson,spearman,kendall,copula,corr_copula,u1_given_u2,u2_given_u1,ecm_x_available,ecm_y_available,ecm_strength_available,hedge_ratio,closed_trades,drawdown,source_system,source_path,evidence_path
BNB-USD-STX-USD,BNB-USD,STX-USD,dyd,daily,320.0,,,,False,missing,missing_exact_mode,3.02,0.545,54.50000000000001,1.75,0.1,True,True,True,1.05,,0.782,0.664,0.484,clayton,0.513,0.674,0.11900000000000001,True,True,True,1.36,1.0,-0.045,crypto_wizards_pair_detail,data/raw/pair_details/pair_1_dashboard_snapshot.json,/Users/gregc/Documents/Codex/2026-06-15-chief-quantitative-research-architect-you-are/data/raw/pair_details/pair_1_dashboard_snapshot.json
BLUR-USD/ETHFI-USD,BLUR-USD,ETHFI-USD,,daily,,,,,False,missing,missing_exact_mode,1.906343532962524,0.5448460294000692,54.48460294000692,1.75,0.1,True,True,True,1.109877613711492,,,,,,,,,False,False,False,,,-0.1196480659040859,crypto_wizards_active_report,/Users/gregc/Documents/Codex/2026-06-15-chief-quantitative-research-architect-you-are/reports/active/crypto_wizards_next_best_queue_after_apify_refresh.csv,/Users/gregc/Documents/Codex/2026-06-15-chief-quantitative-research-architect-you-are/reports/active/crypto_wizards_next_best_queue_after_apify_refresh.csv
BLUR-USD/ETHFI-USD,BLUR-USD,ETHFI-USD,,daily,,,,,False,missing,missing_exact_mode,1.906343532962524,0.5448460294000692,54.48460294000692,1.75,0.1,True,True,True,1.109877613711492,,,,,,,,,False,False,False,,,-0.1196480659040859,crypto_wizards_active_report,/Users/gregc/Documents/Codex/2026-06-15-chief-quantitative-research-architect-you-are/reports/active/crypto_wizards_next_best_sharpe_returns_queue.csv,/Users/gregc/Documents/Codex/2026-06-15-chief-quantitative-research-architect-you-are/reports/active/crypto_wizards_next_best_sharpe_returns_queue.csv
BLUR-USD/ETHFI-USD,BLUR-USD,ETHFI-USD,dydx,daily,365.0,,,,False,missing,missing_exact_mode,1.906343532962524,0.5448460294000692,54.48460294000692,1.75,0.1,True,True,True,1.109877613711492,9.139593252775054,,,,,,,,False,False,False,0.721526188458223,,-0.11964806590408594,crypto_wizards_active_report,data/raw/pair_details/pair_BLUR-USD_ETHFI-USD_Dydx_Daily_365_daily_cw_backtest_history.json,/Users/gregc/Documents/Codex/2026-06-15-chief-quantitative-research-architect-you-are/reports/active/crypto_wizards_research_blockers_only_list.csv
BNB-USD/STX-USD,BNB-USD,STX-USD,dydx,daily,320.0,Static (Spread),3.0,1.0,True,spread_id_strategy_id,,2.86,0.486,48.6,1.75,0.1,True,True,True,,,0.777,0.649,0.471,clayton,0.552,0.012,0.939,True,True,True,0.69,1.0,-0.044,crypto_wizards_pair_detail,data/raw/pair_details/pair_BNB-USD_STX-USD_Dydx_Daily_320_exact_mode_capture.json,/Users/gregc/Documents/Codex/2026-06-15-chief-quantitative-research-architect-you-are/data/raw/pair_details/pair_BNB-USD_STX-USD_Dydx_Daily_320_exact_mode_capture.json
EUR-USD/FIL-USD,EUR-USD,FIL-USD,,daily,,,,,False,missing,missing_exact_mode,2.7784205720334625,0.2974646603857553,29.74646603857553,1.75,0.1,True,True,True,0.9340852913578556,,,,,,,,,False,False,False,,,-0.0120284586634999,crypto_wizards_active_report,/Users/gregc/Documents/Codex/2026-06-15-chief-quantitative-research-architect-you-are/reports/active/crypto_wizards_next_best_queue_after_apify_refresh.csv,/Users/gregc/Documents/Codex/2026-06-15-chief-quantitative-research-architect-you-are/reports/active/crypto_wizards_next_best_queue_after_apify_refresh.csv
EUR-USD/FIL-USD,EUR-USD,FIL-USD,,daily,,,,,False,missing,missing_exact_mode,2.7784205720334625,0.2974646603857553,29.74646603857553,1.75,0.1,True,True,True,0.9340852913578556,,,,,,,,,False,False,False,,,-0.0120284586634999,crypto_wizards_active_report,/Users/gregc/Documents/Codex/2026-06-15-chief-quantitative-research-architect-you-are/reports/active/crypto_wizards_next_best_sharpe_returns_queue.csv,/Users/gregc/Documents/Codex/2026-06-15-chief-quantitative-research-architect-you-are/reports/active/crypto_wizards_next_best_sharpe_returns_queue.csv
EUR-USD/FIL-USD,EUR-USD,FIL-USD,dydx,daily,365.0,,,,False,missing,missing_exact_mode,2.7784205720334625,0.2974646603857553,29.74646603857553,1.75,0.1,True,True,True,0.9340852913578556,24.92704080222583,,,,,,,,False,False,False,3.1877777230539714,,-0.012028458663499912,crypto_wizards_active_report,data/raw/pair_details/pair_EUR-USD_FIL-USD_Dydx_Daily_365_daily_cw_backtest_history.json,/Users/gregc/Documents/Codex/2026-06-15-chief-quantitative-research-architect-you-are/reports/active/crypto_wizards_research_blockers_only_list.csv
EUR-USD/FIL-USD,EUR-USD,FIL-USD,,daily,,,,,False,missing,missing_exact_mode,2.7784205720334625,0.2974646603857553,29.74646603857553,1.75,0.1,True,True,True,0.9340852913578556,24.92704080222583,,,,,,,,False,False,False,,,-0.0120284586634999,crypto_wizards_active_report,/Users/gregc/Documents/Codex/2026-06-15-chief-quantitative-research-architect-you-are/reports/active/crypto_wizards_sharpe_returns_next_research_blockers.csv,/Users/gregc/Documents/Codex/2026-06-15-chief-quantitative-research-architect-you-are/reports/active/crypto_wizards_sharpe_returns_next_research_blockers.csv
ETHUSDT/GPSUSDT,ETHUSDT,GPSUSDT,,,,,,,False,missing,missing_exact_mode,3.68,,,1.75,0.1,True,True,False,,,,,,,,,,False,False,False,,,,crypto_wizards_active_report,/Users/gregc/Documents/Codex/2026-06-15-chief-quantitative-research-architect-you-are/reports/active/crypto_wizards_exchange_sample_2026-06-25.csv,/Users/gregc/Documents/Codex/2026-06-15-chief-quantitative-research-architect-you-are/reports/active/crypto_wizards_exchange_sample_2026-06-25.csv
ETHUSDT-GPSUSDT,ETHUSDT,GPSUSDT,,,,,,,False,missing,missing_exact_mode,3.68,,,1.75,0.1,True,True,False,,,,,,,,,,False,False,False,,,,crypto_wizards_active_report,data/raw/crypto_wizards_scanner_2026-06-25/scanner_bybit_sharpe.json,/Users/gregc/Documents/Codex/2026-06-15-chief-quantitative-research-architect-you-are/reports/active/crypto_wizards_multi_venue_sharpe_rows_2026-06-25.csv
ETHUSDT/TRUMPUSDT,ETHUSDT,TRUMPUSDT,,,,,,,False,missing,missing_exact_mode,3.37,,,1.75,0.1,True,True,False,,,,,,,,,,False,False,False,,,,crypto_wizards_active_report,/Users/gregc/Documents/Codex/2026-06-15-chief-quantitative-research-architect-you-are/reports/active/crypto_wizards_exchange_sample_2026-06-25.csv,/Users/gregc/Documents/Codex/2026-06-15-chief-quantitative-research-architect-you-are/reports/active/crypto_wizards_exchange_sample_2026-06-25.csv
ETHUSDT-TRUMPUSDT,ETHUSDT,TRUMPUSDT,,,,,,,False,missing,missing_exact_mode,3.37,,,1.75,0.1,True,True,False,,,,,,,,,,False,False,False,,,,crypto_wizards_active_report,data/raw/crypto_wizards_scanner_2026-06-25/scanner_binance_sharpe.json,/Users/gregc/Documents/Codex/2026-06-15-chief-quantitative-research-architect-you-are/reports/active/crypto_wizards_multi_venue_sharpe_rows_2026-06-25.csv
ETHUSDT/YFIUSDT,ETHUSDT,YFIUSDT,,,,,,,False,missing,missing_exact_mode,3.34,,,1.75,0.1,True,True,False,,,,,,,,,,False,False,False,,,,crypto_wizards_active_report,/Users/gregc/Documents/Codex/2026-06-15-chief-quantitative-research-architect-you-are/reports/active/crypto_wizards_exchange_sample_2026-06-25.csv,/Users/gregc/Documents/Codex/2026-06-15-chief-quantitative-research-architect-you-are/reports/active/crypto_wizards_exchange_sample_2026-06-25.csv
ETHUSDC/YFIUSDT,ETHUSDC,YFIUSDT,,,,,,,False,missing,missing_exact_mode,3.34,,,1.75,0.1,True,True,False,,,,,,,,,,False,False,False,,,,crypto_wizards_active_report,/Users/gregc/Documents/Codex/2026-06-15-chief-quantitative-research-architect-you-are/reports/active/crypto_wizards_exchange_sample_2026-06-25.csv,/Users/gregc/Documents/Codex/2026-06-15-chief-quantitative-research-architect-you-are/reports/active/crypto_wizards_exchange_sample_2026-06-25.csv
ETHUSDT-YFIUSDT,ETHUSDT,YFIUSDT,,,,,,,False,missing,missing_exact_mode,3.34,,,1.75,0.1,True,True,False,,,,,,,,,,False,False,False,,,,crypto_wizards_active_report,data/raw/crypto_wizards_scanner_2026-06-25/scanner_binance_sharpe.json,/Users/gregc/Documents/Codex/2026-06-15-chief-quantitative-research-architect-you-are/reports/active/crypto_wizards_multi_venue_sharpe_rows_2026-06-25.csv
ETHUSDC-YFIUSDT,ETHUSDC,YFIUSDT,,,,,,,False,missing,missing_exact_mode,3.34,,,1.75,0.1,True,True,False,,,,,,,,,,False,False,False,,,,crypto_wizards_active_report,data/raw/crypto_wizards_scanner_2026-06-25/scanner_binance_sharpe.json,/Users/gregc/Documents/Codex/2026-06-15-chief-quantitative-research-architect-you-are/reports/active/crypto_wizards_multi_venue_sharpe_rows_2026-06-25.csv
ETHUSDT/KMNOUSDT,ETHUSDT,KMNOUSDT,,,,,,,False,missing,missing_exact_mode,3.29,,,1.75,0.1,True,True,False,,,,,,,,,,False,False,False,,,,crypto_wizards_active_report,/Users/gregc/Documents/Codex/2026-06-15-chief-quantitative-research-architect-you-are/reports/active/crypto_wizards_exchange_sample_2026-06-25.csv,/Users/gregc/Documents/Codex/2026-06-15-chief-quantitative-research-architect-you-are/reports/active/crypto_wizards_exchange_sample_2026-06-25.csv
ETHUSDC/KMNOUSDT,ETHUSDC,KMNOUSDT,,,,,,,False,missing,missing_exact_mode,3.29,,,1.75,0.1,True,True,False,,,,,,,,,,False,False,False,,,,crypto_wizards_active_report,/Users/gregc/Documents/Codex/2026-06-15-chief-quantitative-research-architect-you-are/reports/active/crypto_wizards_exchange_sample_2026-06-25.csv,/Users/gregc/Documents/Codex/2026-06-15-chief-quantitative-research-architect-you-are/reports/active/crypto_wizards_exchange_sample_2026-06-25.csv
ETHUSDT-KMNOUSDT,ETHUSDT,KMNOUSDT,,,,,,,False,missing,missing_exact_mode,3.29,,,1.75,0.1,True,True,False,,,,,,,,,,False,False,False,,,,crypto_wizards_active_report,data/raw/crypto_wizards_scanner_2026-06-25/scanner_binance_sharpe.json,/Users/gregc/Documents/Codex/2026-06-15-chief-quantitative-research-architect-you-are/reports/active/crypto_wizards_multi_venue_sharpe_rows_2026-06-25.csv
ETHUSDC-KMNOUSDT,ETHUSDC,KMNOUSDT,,,,,,,False,missing,missing_exact_mode,3.29,,,1.75,0.1,True,True,False,,,,,,,,,,False,False,False,,,,crypto_wizards_active_report,data/raw/crypto_wizards_scanner_2026-06-25/scanner_binance_sharpe.json,/Users/gregc/Documents/Codex/2026-06-15-chief-quantitative-research-architect-you-are/reports/active/crypto_wizards_multi_venue_sharpe_rows_2026-06-25.csv
ETHUSD/VTHOUSDT,ETHUSD,VTHOUSDT,,,,,,,False,missing,missing_exact_mode,3.26,,,1.75,0.1,True,True,False,,,,,,,,,,False,False,False,,,,crypto_wizards_active_report,/Users/gregc/Documents/Codex/2026-06-15-chief-quantitative-research-architect-you-are/reports/active/crypto_wizards_exchange_sample_2026-06-25.csv,/Users/gregc/Documents/Codex/2026-06-15-chief-quantitative-research-architect-you-are/reports/active/crypto_wizards_exchange_sample_2026-06-25.csv
ETHUSD-VTHOUSDT,ETHUSD,VTHOUSDT,,,,,,,False,missing,missing_exact_mode,3.26,,,1.75,0.1,True,True,False,,,,,,,,,,False,False,False,,,,crypto_wizards_active_report,data/raw/crypto_wizards_scanner_2026-06-25/scanner_binanceus_sharpe.json,/Users/gregc/Documents/Codex/2026-06-15-chief-quantitative-research-architect-you-are/reports/active/crypto_wizards_multi_venue_sharpe_rows_2026-06-25.csv
ETHUSD/SHIBUSD,ETHUSD,SHIBUSD,,,,,,,False,missing,missing_exact_mode,3.24,,,1.75,0.1,True,True,False,,,,,,,,,,False,False,False,,,,crypto_wizards_active_report,/Users/gregc/Documents/Codex/2026-06-15-chief-quantitative-research-architect-you-are/reports/active/crypto_wizards_exchange_sample_2026-06-25.csv,/Users/gregc/Documents/Codex/2026-06-15-chief-quantitative-research-architect-you-are/reports/active/crypto_wizards_exchange_sample_2026-06-25.csv
ETHUSD-SHIBUSD,ETHUSD,SHIBUSD,,,,,,,False,missing,missing_exact_mode,3.24,,,1.75,0.1,True,True,False,,,,,,,,,,False,False,False,,,,crypto_wizards_active_report,data/raw/crypto_wizards_scanner_2026-06-25/scanner_binanceus_sharpe.json,/Users/gregc/Documents/Codex/2026-06-15-chief-quantitative-research-architect-you-are/reports/active/crypto_wizards_multi_venue_sharpe_rows_2026-06-25.csv
ETHUSDT/SHIBUSD,ETHUSDT,SHIBUSD,,,,,,,False,missing,missing_exact_mode,3.22,,,1.75,0.1,True,True,False,,,,,,,,,,False,False,False,,,,crypto_wizards_active_report,/Users/gregc/Documents/Codex/2026-06-15-chief-quantitative-research-architect-you-are/reports/active/crypto_wizards_exchange_sample_2026-06-25.csv,/Users/gregc/Documents/Codex/2026-06-15-chief-quantitative-research-architect-you-are/reports/active/crypto_wizards_exchange_sample_2026-06-25.csv
ETHUSDT-SHIBUSD,ETHUSDT,SHIBUSD,,,,,,,False,missing,missing_exact_mode,3.22,,,1.75,0.1,True,True,False,,,,,,,,,,False,False,False,,,,crypto_wizards_active_report,data/raw/crypto_wizards_scanner_2026-06-25/scanner_binanceus_sharpe.json,/Users/gregc/Documents/Codex/2026-06-15-chief-quantitative-research-architect-you-are/reports/active/crypto_wizards_multi_venue_sharpe_rows_2026-06-25.csv
ETHUSDT/SHIBUSDT,ETHUSDT,SHIBUSDT,,,,,,,False,missing,missing_exact_mode,3.18,,,1.75,0.1,True,True,False,,,,,,,,,,False,False,False,,,,crypto_wizards_active_report,/Users/gregc/Documents/Codex/2026-06-15-chief-quantitative-research-architect-you-are/reports/active/crypto_wizards_exchange_sample_2026-06-25.csv,/Users/gregc/Documents/Codex/2026-06-15-chief-quantitative-research-architect-you-are/reports/active/crypto_wizards_exchange_sample_2026-06-25.csv
ETHUSDT-SHIBUSDT,ETHUSDT,SHIBUSDT,,,,,,,False,missing,missing_exact_mode,3.18,,,1.75,0.1,True,True,False,,,,,,,,,,False,False,False,,,,crypto_wizards_active_report,data/raw/crypto_wizards_scanner_2026-06-25/scanner_binanceus_sharpe.json,/Users/gregc/Documents/Codex/2026-06-15-chief-quantitative-research-architect-you-are/reports/active/crypto_wizards_multi_venue_sharpe_rows_2026-06-25.csv
ETHUSD/SHIBUSDT,ETHUSD,SHIBUSDT,,,,,,,False,missing,missing_exact_mode,3.15,,,1.75,0.1,True,True,False,,,,,,,,,,False,False,False,,,,crypto_wizards_active_report,/Users/gregc/Documents/Codex/2026-06-15-chief-quantitative-research-architect-you-are/reports/active/crypto_wizards_exchange_sample_2026-06-25.csv,/Users/gregc/Documents/Codex/2026-06-15-chief-quantitative-research-architect-you-are/reports/active/crypto_wizards_exchange_sample_2026-06-25.csv
ETHUSD-SHIBUSDT,ETHUSD,SHIBUSDT,,,,,,,False,missing,missing_exact_mode,3.15,,,1.75,0.1,True,True,False,,,,,,,,,,False,False,False,,,,crypto_wizards_active_report,data/raw/crypto_wizards_scanner_2026-06-25/scanner_binanceus_sharpe.json,/Users/gregc/Documents/Codex/2026-06-15-chief-quantitative-research-architect-you-are/reports/active/crypto_wizards_multi_venue_sharpe_rows_2026-06-25.csv
ETHUSDT-VTHOUSDT,ETHUSDT,VTHOUSDT,,,,,,,False,missing,missing_exact_mode,3.15,,,1.75,0.1,True,True,False,,,,,,,,,,False,False,False,,,,crypto_wizards_active_report,data/raw/crypto_wizards_scanner_2026-06-25/scanner_binanceus_sharpe.json,/Users/gregc/Documents/Codex/2026-06-15-chief-quantitative-research-architect-you-are/reports/active/crypto_wizards_multi_venue_sharpe_rows_2026-06-25.csv
ETHUSDT-KMNOUSDT,ETHUSDT,KMNOUSDT,,,,,,,False,missing,missing_exact_mode,3.13,,,1.75,0.1,True,True,False,,,,,,,,,,False,False,False,,,,crypto_wizards_active_report,data/raw/crypto_wizards_scanner_2026-06-25/scanner_bybit_sharpe.json,/Users/gregc/Documents/Codex/2026-06-15-chief-quantitative-research-architect-you-are/reports/active/crypto_wizards_multi_venue_sharpe_rows_2026-06-25.csv
ETHPERP/KMNOUSDT,ETHPERP,KMNOUSDT,,,,,,,False,missing,missing_exact_mode,3.12,,,1.75,0.1,True,True,False,,,,,,,,,,False,False,False,,,,crypto_wizards_active_report,/Users/gregc/Documents/Codex/2026-06-15-chief-quantitative-research-architect-you-are/reports/active/crypto_wizards_exchange_sample_2026-06-25.csv,/Users/gregc/Documents/Codex/2026-06-15-chief-quantitative-research-architect-you-are/reports/active/crypto_wizards_exchange_sample_2026-06-25.csv
ETHPERP-KMNOUSDT,ETHPERP,KMNOUSDT,,,,,,,False,missing,missing_exact_mode,3.12,,,1.75,0.1,True,True,False,,,,,,,,,,False,False,False,,,,crypto_wizards_active_report,data/raw/crypto_wizards_scanner_2026-06-25/scanner_bybit_sharpe.json,/Users/gregc/Documents/Codex/2026-06-15-chief-quantitative-research-architect-you-are/reports/active/crypto_wizards_multi_venue_sharpe_rows_2026-06-25.csv
ETHUSD-ONEUSD,ETHUSD,ONEUSD,,,,,,,False,missing,missing_exact_mode,3.1,,,1.75,0.1,True,True,False,,,,,,,,,,False,False,False,,,,crypto_wizards_active_report,data/raw/crypto_wizards_scanner_2026-06-25/scanner_binanceus_sharpe.json,/Users/gregc/Documents/Codex/2026-06-15-chief-quantitative-research-architect-you-are/reports/active/crypto_wizards_multi_venue_sharpe_rows_2026-06-25.csv
ETHUSDT-ONEUSD,ETHUSDT,ONEUSD,,,,,,,False,missing,missing_exact_mode,3.1,,,1.75,0.1,True,True,False,,,,,,,,,,False,False,False,,,,crypto_wizards_active_report,data/raw/crypto_wizards_scanner_2026-06-25/scanner_binanceus_sharpe.json,/Users/gregc/Documents/Codex/2026-06-15-chief-quantitative-research-architect-you-are/reports/active/crypto_wizards_multi_venue_sharpe_rows_2026-06-25.csv
ETHBTC-TRUMPUSDT,ETHBTC,TRUMPUSDT,,,,,,,False,missing,missing_exact_mode,3.09,,,1.75,0.1,True,True,False,,,,,,,,,,False,False,False,,,,crypto_wizards_active_report,data/raw/crypto_wizards_scanner_2026-06-25/scanner_binanceus_sharpe.json,/Users/gregc/Documents/Codex/2026-06-15-chief-quantitative-research-architect-you-are/reports/active/crypto_wizards_multi_venue_sharpe_rows_2026-06-25.csv
ETHUSDT-ONEUSDT,ETHUSDT,ONEUSDT,,,,,,,False,missing,missing_exact_mode,3.09,,,1.75,0.1,True,True,False,,,,,,,,,,False,False,False,,,,crypto_wizards_active_report,data/raw/crypto_wizards_scanner_2026-06-25/scanner_binanceus_sharpe.json,/Users/gregc/Documents/Codex/2026-06-15-chief-quantitative-research-architect-you-are/reports/active/crypto_wizards_multi_venue_sharpe_rows_2026-06-25.csv
ETHUSDT-IDUSDT,ETHUSDT,IDUSDT,,,,,,,False,missing,missing_exact_mode,3.08,,,1.75,0.1,True,True,False,,,,,,,,,,False,False,False,,,,crypto_wizards_active_report,data/raw/crypto_wizards_scanner_2026-06-25/scanner_binance_sharpe.json,/Users/gregc/Documents/Codex/2026-06-15-chief-quantitative-research-architect-you-are/reports/active/crypto_wizards_multi_venue_sharpe_rows_2026-06-25.csv
ETHUSDT-GALAUSDT,ETHUSDT,GALAUSDT,,,,,,,False,missing,missing_exact_mode,3.07,,,1.75,0.1,True,True,False,,,,,,,,,,False,False,False,,,,crypto_wizards_active_report,data/raw/crypto_wizards_scanner_2026-06-25/scanner_binance_sharpe.json,/Users/gregc/Documents/Codex/2026-06-15-chief-quantitative-research-architect-you-are/reports/active/crypto_wizards_multi_venue_sharpe_rows_2026-06-25.csv
ETHUSDC-GALAUSDT,ETHUSDC,GALAUSDT,,,,,,,False,missing,missing_exact_mode,3.06,,,1.75,0.1,True,True,False,,,,,,,,,,False,False,False,,,,crypto_wizards_active_report,data/raw/crypto_wizards_scanner_2026-06-25/scanner_binance_sharpe.json,/Users/gregc/Documents/Codex/2026-06-15-chief-quantitative-research-architect-you-are/reports/active/crypto_wizards_multi_venue_sharpe_rows_2026-06-25.csv
ETHUSD-ONEUSDT,ETHUSD,ONEUSDT,,,,,,,False,missing,missing_exact_mode,3.06,,,1.75,0.1,True,True,False,,,,,,,,,,False,False,False,,,,crypto_wizards_active_report,data/raw/crypto_wizards_scanner_2026-06-25/scanner_binanceus_sharpe.json,/Users/gregc/Documents/Codex/2026-06-15-chief-quantitative-research-architect-you-are/reports/active/crypto_wizards_multi_venue_sharpe_rows_2026-06-25.csv
ETHUSDT-FLUXUSDT,ETHUSDT,FLUXUSDT,,,,,,,False,missing,missing_exact_mode,3.02,,,1.75,0.1,True,True,False,,,,,,,,,,False,False,False,,,,crypto_wizards_active_report,data/raw/crypto_wizards_scanner_2026-06-25/scanner_binance_sharpe.json,/Users/gregc/Documents/Codex/2026-06-15-chief-quantitative-research-architect-you-are/reports/active/crypto_wizards_multi_venue_sharpe_rows_2026-06-25.csv
ETHUSDC-FLUXUSDT,ETHUSDC,FLUXUSDT,,,,,,,False,missing,missing_exact_mode,3.01,,,1.75,0.1,True,True,False,,,,,,,,,,False,False,False,,,,crypto_wizards_active_report,data/raw/crypto_wizards_scanner_2026-06-25/scanner_binance_sharpe.json,/Users/gregc/Documents/Codex/2026-06-15-chief-quantitative-research-architect-you-are/reports/active/crypto_wizards_multi_venue_sharpe_rows_2026-06-25.csv
ETHUSDT-RUNEUSDT,ETHUSDT,RUNEUSDT,,,,,,,False,missing,missing_exact_mode,3.01,,,1.75,0.1,True,True,False,,,,,,,,,,False,False,False,,,,crypto_wizards_active_report,data/raw/crypto_wizards_scanner_2026-06-25/scanner_binance_sharpe.json,/Users/gregc/Documents/Codex/2026-06-15-chief-quantitative-research-architect-you-are/reports/active/crypto_wizards_multi_venue_sharpe_rows_2026-06-25.csv
ETHUSDT-JOEUSDT,ETHUSDT,JOEUSDT,,,,,,,False,missing,missing_exact_mode,3.01,,,1.75,0.1,True,True,False,,,,,,,,,,False,False,False,,,,crypto_wizards_active_report,data/raw/crypto_wizards_scanner_2026-06-25/scanner_binance_sharpe.json,/Users/gregc/Documents/Codex/2026-06-15-chief-quantitative-research-architect-you-are/reports/active/crypto_wizards_multi_venue_sharpe_rows_2026-06-25.csv
ETHUSDC-ICXUSDT,ETHUSDC,ICXUSDT,,,,,,,False,missing,missing_exact_mode,3.01,,,1.75,0.1,True,True,False,,,,,,,,,,False,False,False,,,,crypto_wizards_active_report,data/raw/crypto_wizards_scanner_2026-06-25/scanner_binance_sharpe.json,/Users/gregc/Documents/Codex/2026-06-15-chief-quantitative-research-architect-you-are/reports/active/crypto_wizards_multi_venue_sharpe_rows_2026-06-25.csv
ETHUSDC-JOEUSDT,ETHUSDC,JOEUSDT,,,,,,,False,missing,missing_exact_mode,3.01,,,1.75,0.1,True,True,False,,,,,,,,,,False,False,False,,,,crypto_wizards_active_report,data/raw/crypto_wizards_scanner_2026-06-25/scanner_binance_sharpe.json,/Users/gregc/Documents/Codex/2026-06-15-chief-quantitative-research-architect-you-are/reports/active/crypto_wizards_multi_venue_sharpe_rows_2026-06-25.csv
ETHUSDC-NEOUSDT,ETHUSDC,NEOUSDT,,,,,,,False,missing,missing_exact_mode,3.01,,,1.75,0.1,True,True,False,,,,,,,,,,False,False,False,,,,crypto_wizards_active_report,data/raw/crypto_wizards_scanner_2026-06-25/scanner_binance_sharpe.json,/Users/gregc/Documents/Codex/2026-06-15-chief-quantitative-research-architect-you-are/reports/active/crypto_wizards_multi_venue_sharpe_rows_2026-06-25.csv
ETHUSDC-RUNEUSDT,ETHUSDC,RUNEUSDT,,,,,,,False,missing,missing_exact_mode,3.0,,,1.75,0.1,True,True,False,,,,,,,,,,False,False,False,,,,crypto_wizards_active_report,data/raw/crypto_wizards_scanner_2026-06-25/scanner_binance_sharpe.json,/Users/gregc/Documents/Codex/2026-06-15-chief-quantitative-research-architect-you-are/reports/active/crypto_wizards_multi_venue_sharpe_rows_2026-06-25.csv
ETHUSDT/GIGAUSDT,ETHUSDT,GIGAUSDT,,,,,,,False,missing,missing_exact_mode,2.99,,,1.75,0.1,True,True,False,,,,,,,,,,False,False,False,,,,crypto_wizards_active_report,/Users/gregc/Documents/Codex/2026-06-15-chief-quantitative-research-architect-you-are/reports/active/crypto_wizards_exchange_sample_2026-06-25.csv,/Users/gregc/Documents/Codex/2026-06-15-chief-quantitative-research-architect-you-are/reports/active/crypto_wizards_exchange_sample_2026-06-25.csv
ETHBTC-VTHOUSDT,ETHBTC,VTHOUSDT,,,,,,,False,missing,missing_exact_mode,2.99,,,1.75,0.1,True,True,False,,,,,,,,,,False,False,False,,,,crypto_wizards_active_report,data/raw/crypto_wizards_scanner_2026-06-25/scanner_binanceus_sharpe.json,/Users/gregc/Documents/Codex/2026-06-15-chief-quantitative-research-architect-you-are/reports/active/crypto_wizards_multi_venue_sharpe_rows_2026-06-25.csv
ETHUSD-MANAUSDT,ETHUSD,MANAUSDT,,,,,,,False,missing,missing_exact_mode,2.99,,,1.75,0.1,True,True,False,,,,,,,,,,False,False,False,,,,crypto_wizards_active_report,data/raw/crypto_wizards_scanner_2026-06-25/scanner_binanceus_sharpe.json,/Users/gregc/Documents/Codex/2026-06-15-chief-quantitative-research-architect-you-are/reports/active/crypto_wizards_multi_venue_sharpe_rows_2026-06-25.csv
ETHUSDT-GIGAUSDT,ETHUSDT,GIGAUSDT,,,,,,,False,missing,missing_exact_mode,2.99,,,1.75,0.1,True,True,False,,,,,,,,,,False,False,False,,,,crypto_wizards_active_report,data/raw/crypto_wizards_scanner_2026-06-25/scanner_bybit_sharpe.json,/Users/gregc/Documents/Codex/2026-06-15-chief-quantitative-research-architect-you-are/reports/active/crypto_wizards_multi_venue_sharpe_rows_2026-06-25.csv
ETHUSDT/PEAQUSDT,ETHUSDT,PEAQUSDT,,,,,,,False,missing,missing_exact_mode,2.97,,,1.75,0.1,True,True,False,,,,,,,,,,False,False,False,,,,crypto_wizards_active_report,/Users/gregc/Documents/Codex/2026-06-15-chief-quantitative-research-architect-you-are/reports/active/crypto_wizards_exchange_sample_2026-06-25.csv,/Users/gregc/Documents/Codex/2026-06-15-chief-quantitative-research-architect-you-are/reports/active/crypto_wizards_exchange_sample_2026-06-25.csv
ETHUSDT-PEAQUSDT,ETHUSDT,PEAQUSDT,,,,,,,False,missing,missing_exact_mode,2.97,,,1.75,0.1,True,True,False,,,,,,,,,,False,False,False,,,,crypto_wizards_active_report,data/raw/crypto_wizards_scanner_2026-06-25/scanner_bybit_sharpe.json,/Users/gregc/Documents/Codex/2026-06-15-chief-quantitative-research-architect-you-are/reports/active/crypto_wizards_multi_venue_sharpe_rows_2026-06-25.csv
ETHBTC-ETHWUSDT,ETHBTC,ETHWUSDT,,,,,,,False,missing,missing_exact_mode,2.96,,,1.75,0.1,True,True,False,,,,,,,,,,False,False,False,,,,crypto_wizards_active_report,data/raw/crypto_wizards_scanner_2026-06-25/scanner_binance_sharpe.json,/Users/gregc/Documents/Codex/2026-06-15-chief-quantitative-research-architect-you-are/reports/active/crypto_wizards_multi_venue_sharpe_rows_2026-06-25.csv
ETHUSDT-GALAUSDT,ETHUSDT,GALAUSDT,,,,,,,False,missing,missing_exact_mode,2.96,,,1.75,0.1,True,True,False,,,,,,,,,,False,False,False,,,,crypto_wizards_active_report,data/raw/crypto_wizards_scanner_2026-06-25/scanner_binanceus_sharpe.json,/Users/gregc/Documents/Codex/2026-06-15-chief-quantitative-research-architect-you-are/reports/active/crypto_wizards_multi_venue_sharpe_rows_2026-06-25.csv
PEPE-USD/ETH-BTC,PEPE-USD,ETH-BTC,,,,,,,False,missing,missing_exact_mode,2.95,,,1.75,0.1,True,True,False,,,,,,,,,,False,False,False,,,,crypto_wizards_active_report,/Users/gregc/Documents/Codex/2026-06-15-chief-quantitative-research-architect-you-are/reports/active/crypto_wizards_exchange_sample_2026-06-25.csv,/Users/gregc/Documents/Codex/2026-06-15-chief-quantitative-research-architect-you-are/reports/active/crypto_wizards_exchange_sample_2026-06-25.csv
ETHUSD-GALAUSDT,ETHUSD,GALAUSDT,,,,,,,False,missing,missing_exact_mode,2.95,,,1.75,0.1,True,True,False,,,,,,,,,,False,False,False,,,,crypto_wizards_active_report,data/raw/crypto_wizards_scanner_2026-06-25/scanner_binanceus_sharpe.json,/Users/gregc/Documents/Codex/2026-06-15-chief-quantitative-research-architect-you-are/reports/active/crypto_wizards_multi_venue_sharpe_rows_2026-06-25.csv
ETHUSDT-QTUMUSDT,ETHUSDT,QTUMUSDT,,,,,,,False,missing,missing_exact_mode,2.95,,,1.75,0.1,True,True,False,,,,,,,,,,False,False,False,,,,crypto_wizards_active_report,data/raw/crypto_wizards_scanner_2026-06-25/scanner_bybit_sharpe.json,/Users/gregc/Documents/Codex/2026-06-15-chief-quantitative-research-architect-you-are/reports/active/crypto_wizards_multi_venue_sharpe_rows_2026-06-25.csv
AAVEUSDT-ETHBTCUSDT,AAVEUSDT,ETHBTCUSDT,,,,,,,False,missing,missing_exact_mode,2.95,,,1.75,0.1,True,True,False,,,,,,,,,,False,False,False,,,,crypto_wizards_active_report,data/raw/crypto_wizards_scanner_2026-06-25/scanner_bybit_sharpe.json,/Users/gregc/Documents/Codex/2026-06-15-chief-quantitative-research-architect-you-are/reports/active/crypto_wizards_multi_venue_sharpe_rows_2026-06-25.csv
PEPE-USD-ETH-BTC,PEPE-USD,ETH-BTC,,,,,,,False,missing,missing_exact_mode,2.95,,,1.75,0.1,True,True,False,,,,,,,,,,False,False,False,,,,crypto_wizards_active_report,data/raw/crypto_wizards_scanner_2026-06-25/scanner_coinbase_sharpe.json,/Users/gregc/Documents/Codex/2026-06-15-chief-quantitative-research-architect-you-are/reports/active/crypto_wizards_multi_venue_sharpe_rows_2026-06-25.csv
PEPE-USD/ETH-USDT,PEPE-USD,ETH-USDT,,,,,,,False,missing,missing_exact_mode,2.94,,,1.75,0.1,True,True,False,,,,,,,,,,False,False,False,,,,crypto_wizards_active_report,/Users/gregc/Documents/Codex/2026-06-15-chief-quantitative-research-architect-you-are/reports/active/crypto_wizards_exchange_sample_2026-06-25.csv,/Users/gregc/Documents/Codex/2026-06-15-chief-quantitative-research-architect-you-are/reports/active/crypto_wizards_exchange_sample_2026-06-25.csv
PEPE-USD-ETH-USDT,PEPE-USD,ETH-USDT,,,,,,,False,missing,missing_exact_mode,2.94,,,1.75,0.1,True,True,False,,,,,,,,,,False,False,False,,,,crypto_wizards_active_report,data/raw/crypto_wizards_scanner_2026-06-25/scanner_coinbase_sharpe.json,/Users/gregc/Documents/Codex/2026-06-15-chief-quantitative-research-architect-you-are/reports/active/crypto_wizards_multi_venue_sharpe_rows_2026-06-25.csv
PEPE-USD/CBETH-USD,PEPE-USD,CBETH-USD,,,,,,,False,missing,missing_exact_mode,2.93,,,1.75,0.1,True,True,False,,,,,,,,,,False,False,False,,,,crypto_wizards_active_report,/Users/gregc/Documents/Codex/2026-06-15-chief-quantitative-research-architect-you-are/reports/active/crypto_wizards_exchange_sample_2026-06-25.csv,/Users/gregc/Documents/Codex/2026-06-15-chief-quantitative-research-architect-you-are/reports/active/crypto_wizards_exchange_sample_2026-06-25.csv
ETHUSDT-IOTAUSDT,ETHUSDT,IOTAUSDT,,,,,,,False,missing,missing_exact_mode,2.93,,,1.75,0.1,True,True,False,,,,,,,,,,False,False,False,,,,crypto_wizards_active_report,data/raw/crypto_wizards_scanner_2026-06-25/scanner_binance_sharpe.json,/Users/gregc/Documents/Codex/2026-06-15-chief-quantitative-research-architect-you-are/reports/active/crypto_wizards_multi_venue_sharpe_rows_2026-06-25.csv
ETHUSDC-IOTAUSDT,ETHUSDC,IOTAUSDT,,,,,,,False,missing,missing_exact_mode,2.93,,,1.75,0.1,True,True,False,,,,,,,,,,False,False,False,,,,crypto_wizards_active_report,data/raw/crypto_wizards_scanner_2026-06-25/scanner_binance_sharpe.json,/Users/gregc/Documents/Codex/2026-06-15-chief-quantitative-research-architect-you-are/reports/active/crypto_wizards_multi_venue_sharpe_rows_2026-06-25.csv
ETHBTCUSDT-NEOUSDT,ETHBTCUSDT,NEOUSDT,,,,,,,False,missing,missing_exact_mode,2.93,,,1.75,0.1,True,True,False,,,,,,,,,,False,False,False,,,,crypto_wizards_active_report,data/raw/crypto_wizards_scanner_2026-06-25/scanner_bybit_sharpe.json,/Users/gregc/Documents/Codex/2026-06-15-chief-quantitative-research-architect-you-are/reports/active/crypto_wizards_multi_venue_sharpe_rows_2026-06-25.csv
PEPE-USD-CBETH-USD,PEPE-USD,CBETH-USD,,,,,,,False,missing,missing_exact_mode,2.93,,,1.75,0.1,True,True,False,,,,,,,,,,False,False,False,,,,crypto_wizards_active_report,data/raw/crypto_wizards_scanner_2026-06-25/scanner_coinbase_sharpe.json,/Users/gregc/Documents/Codex/2026-06-15-chief-quantitative-research-architect-you-are/reports/active/crypto_wizards_multi_venue_sharpe_rows_2026-06-25.csv
PEPE-USD/ETH-USD,PEPE-USD,ETH-USD,,,,,,,False,missing,missing_exact_mode,2.92,,,1.75,0.1,True,True,False,,,,,,,,,,False,False,False,,,,crypto_wizards_active_report,/Users/gregc/Documents/Codex/2026-06-15-chief-quantitative-research-architect-you-are/reports/active/crypto_wizards_exchange_sample_2026-06-25.csv,/Users/gregc/Documents/Codex/2026-06-15-chief-quantitative-research-architect-you-are/reports/active/crypto_wizards_exchange_sample_2026-06-25.csv
ETHUSDT-NILUSDT,ETHUSDT,NILUSDT,,,,,,,False,missing,missing_exact_mode,2.92,,,1.75,0.1,True,True,False,,,,,,,,,,False,False,False,,,,crypto_wizards_active_report,data/raw/crypto_wizards_scanner_2026-06-25/scanner_bybit_sharpe.json,/Users/gregc/Documents/Codex/2026-06-15-chief-quantitative-research-architect-you-are/reports/active/crypto_wizards_multi_venue_sharpe_rows_2026-06-25.csv
PEPE-USD-ETH-USD,PEPE-USD,ETH-USD,,,,,,,False,missing,missing_exact_mode,2.92,,,1.75,0.1,True,True,False,,,,,,,,,,False,False,False,,,,crypto_wizards_active_report,data/raw/crypto_wizards_scanner_2026-06-25/scanner_coinbase_sharpe.json,/Users/gregc/Documents/Codex/2026-06-15-chief-quantitative-research-architect-you-are/reports/active/crypto_wizards_multi_venue_sharpe_rows_2026-06-25.csv
ETHPERP-NILUSDT,ETHPERP,NILUSDT,,,,,,,False,missing,missing_exact_mode,2.91,,,1.75,0.1,True,True,False,,,,,,,,,,False,False,False,,,,crypto_wizards_active_report,data/raw/crypto_wizards_scanner_2026-06-25/scanner_bybit_sharpe.json,/Users/gregc/Documents/Codex/2026-06-15-chief-quantitative-research-architect-you-are/reports/active/crypto_wizards_multi_venue_sharpe_rows_2026-06-25.csv
ETHBTC-JOEUSDT,ETHBTC,JOEUSDT,,,,,,,False,missing,missing_exact_mode,2.88,,,1.75,0.1,True,True,False,,,,,,,,,,False,False,False,,,,crypto_wizards_active_report,data/raw/crypto_wizards_scanner_2026-06-25/scanner_binance_sharpe.json,/Users/gregc/Documents/Codex/2026-06-15-chief-quantitative-research-architect-you-are/reports/active/crypto_wizards_multi_venue_sharpe_rows_2026-06-25.csv
ETHUSDT-MANAUSDT,ETHUSDT,MANAUSDT,,,,,,,False,missing,missing_exact_mode,2.87,,,1.75,0.1,True,True,False,,,,,,,,,,False,False,False,,,,crypto_wizards_active_report,data/raw/crypto_wizards_scanner_2026-06-25/scanner_binanceus_sharpe.json,/Users/gregc/Documents/Codex/2026-06-15-chief-quantitative-research-architect-you-are/reports/active/crypto_wizards_multi_venue_sharpe_rows_2026-06-25.csv
ETHBTC-TLMUSDT,ETHBTC,TLMUSDT,,,,,,,False,missing,missing_exact_mode,2.85,,,1.75,0.1,True,True,False,,,,,,,,,,False,False,False,,,,crypto_wizards_active_report,data/raw/crypto_wizards_scanner_2026-06-25/scanner_binance_sharpe.json,/Users/gregc/Documents/Codex/2026-06-15-chief-quantitative-research-architect-you-are/reports/active/crypto_wizards_multi_venue_sharpe_rows_2026-06-25.csv
ETHUSDT-MOCAUSDT,ETHUSDT,MOCAUSDT,,,,,,,False,missing,missing_exact_mode,2.85,,,1.75,0.1,True,True,False,,,,,,,,,,False,False,False,,,,crypto_wizards_active_report,data/raw/crypto_wizards_scanner_2026-06-25/scanner_bybit_sharpe.json,/Users/gregc/Documents/Codex/2026-06-15-chief-quantitative-research-architect-you-are/reports/active/crypto_wizards_multi_venue_sharpe_rows_2026-06-25.csv
ETHUSDT-LPTUSDT,ETHUSDT,LPTUSDT,,,,,,,False,missing,missing_exact_mode,2.84,,,1.75,0.1,True,True,False,,,,,,,,,,False,False,False,,,,crypto_wizards_active_report,data/raw/crypto_wizards_scanner_2026-06-25/scanner_binanceus_sharpe.json,/Users/gregc/Documents/Codex/2026-06-15-chief-quantitative-research-architect-you-are/reports/active/crypto_wizards_multi_venue_sharpe_rows_2026-06-25.csv
DOGINME-USD/ETH-BTC,DOGINME-USD,ETH-BTC,,,,,,,False,missing,missing_exact_mode,2.83,,,1.75,0.1,True,True,False,,,,,,,,,,False,False,False,,,,crypto_wizards_active_report,/Users/gregc/Documents/Codex/2026-06-15-chief-quantitative-research-architect-you-are/reports/active/crypto_wizards_exchange_sample_2026-06-25.csv,/Users/gregc/Documents/Codex/2026-06-15-chief-quantitative-research-architect-you-are/reports/active/crypto_wizards_exchange_sample_2026-06-25.csv
DOGINME-USD-ETH-BTC,DOGINME-USD,ETH-BTC,,,,,,,False,missing,missing_exact_mode,2.83,,,1.75,0.1,True,True,False,,,,,,,,,,False,False,False,,,,crypto_wizards_active_report,data/raw/crypto_wizards_scanner_2026-06-25/scanner_coinbase_sharpe.json,/Users/gregc/Documents/Codex/2026-06-15-chief-quantitative-research-architect-you-are/reports/active/crypto_wizards_multi_venue_sharpe_rows_2026-06-25.csv
ETHUSDC-QNTUSDT,ETHUSDC,QNTUSDT,,,,,,,False,missing,missing_exact_mode,2.82,,,1.75,0.1,True,True,False,,,,,,,,,,False,False,False,,,,crypto_wizards_active_report,data/raw/crypto_wizards_scanner_2026-06-25/scanner_binance_sharpe.json,/Users/gregc/Documents/Codex/2026-06-15-chief-quantitative-research-architect-you-are/reports/active/crypto_wizards_multi_venue_sharpe_rows_2026-06-25.csv
ETHUSDT-QNTUSDT,ETHUSDT,QNTUSDT,,,,,,,False,missing,missing_exact_mode,2.82,,,1.75,0.1,True,True,False,,,,,,,,,,False,False,False,,,,crypto_wizards_active_report,data/raw/crypto_wizards_scanner_2026-06-25/scanner_binance_sharpe.json,/Users/gregc/Documents/Codex/2026-06-15-chief-quantitative-research-architect-you-are/reports/active/crypto_wizards_multi_venue_sharpe_rows_2026-06-25.csv
PEPE-USD-ETH-EUR,PEPE-USD,ETH-EUR,,,,,,,False,missing,missing_exact_mode,2.82,,,1.75,0.1,True,True,False,,,,,,,,,,False,False,False,,,,crypto_wizards_active_report,data/raw/crypto_wizards_scanner_2026-06-25/scanner_coinbase_sharpe.json,/Users/gregc/Documents/Codex/2026-06-15-chief-quantitative-research-architect-you-are/reports/active/crypto_wizards_multi_venue_sharpe_rows_2026-06-25.csv
ETHUSDT-NEOUSDT,ETHUSDT,NEOUSDT,,,,,,,False,missing,missing_exact_mode,2.81,,,1.75,0.1,True,True,False,,,,,,,,,,False,False,False,,,,crypto_wizards_active_report,data/raw/crypto_wizards_scanner_2026-06-25/scanner_binanceus_sharpe.json,/Users/gregc/Documents/Codex/2026-06-15-chief-quantitative-research-architect-you-are/reports/active/crypto_wizards_multi_venue_sharpe_rows_2026-06-25.csv
ETHUSDT-SUPERUSDT,ETHUSDT,SUPERUSDT,,,,,,,False,missing,missing_exact_mode,2.8,,,1.75,0.1,True,True,False,,,,,,,,,,False,False,False,,,,crypto_wizards_active_report,data/raw/crypto_wizards_scanner_2026-06-25/scanner_binance_sharpe.json,/Users/gregc/Documents/Codex/2026-06-15-chief-quantitative-research-architect-you-are/reports/active/crypto_wizards_multi_venue_sharpe_rows_2026-06-25.csv
ETHUSDC-SUPERUSDT,ETHUSDC,SUPERUSDT,,,,,,,False,missing,missing_exact_mode,2.79,,,1.75,0.1,True,True,False,,,,,,,,,,False,False,False,,,,crypto_wizards_active_report,data/raw/crypto_wizards_scanner_2026-06-25/scanner_binance_sharpe.json,/Users/gregc/Documents/Codex/2026-06-15-chief-quantitative-research-architect-you-are/reports/active/crypto_wizards_multi_venue_sharpe_rows_2026-06-25.csv
ETHUSD-PEPEUSD,ETHUSD,PEPEUSD,,,,,,,False,missing,missing_exact_mode,2.79,,,1.75,0.1,True,True,False,,,,,,,,,,False,False,False,,,,crypto_wizards_active_report,data/raw/crypto_wizards_scanner_2026-06-25/scanner_binanceus_sharpe.json,/Users/gregc/Documents/Codex/2026-06-15-chief-quantitative-research-architect-you-are/reports/active/crypto_wizards_multi_venue_sharpe_rows_2026-06-25.csv
DYMUSDT-ETHPERP,DYMUSDT,ETHPERP,,,,,,,False,missing,missing_exact_mode,2.79,,,1.75,0.1,True,True,False,,,,,,,,,,False,False,False,,,,crypto_wizards_active_report,data/raw/crypto_wizards_scanner_2026-06-25/scanner_bybit_sharpe.json,/Users/gregc/Documents/Codex/2026-06-15-chief-quantitative-research-architect-you-are/reports/active/crypto_wizards_multi_venue_sharpe_rows_2026-06-25.csv
ETHUSDT-PEPEUSD,ETHUSDT,PEPEUSD,,,,,,,False,missing,missing_exact_mode,2.77,,,1.75,0.1,True,True,False,,,,,,,,,,False,False,False,,,,crypto_wizards_active_report,data/raw/crypto_wizards_scanner_2026-06-25/scanner_binanceus_sharpe.json,/Users/gregc/Documents/Codex/2026-06-15-chief-quantitative-research-architect-you-are/reports/active/crypto_wizards_multi_venue_sharpe_rows_2026-06-25.csv
ETHUSDT-SEIUSDT,ETHUSDT,SEIUSDT,,,,,,,False,missing,missing_exact_mode,2.76,,,1.75,0.1,True,True,False,,,,,,,,,,False,False,False,,,,crypto_wizards_active_report,data/raw/crypto_wizards_scanner_2026-06-25/scanner_binance_sharpe.json,/Users/gregc/Documents/Codex/2026-06-15-chief-quantitative-research-architect-you-are/reports/active/crypto_wizards_multi_venue_sharpe_rows_2026-06-25.csv
ETHUSDT-STXUSDT,ETHUSDT,STXUSDT,,,,,,,False,missing,missing_exact_mode,2.76,,,1.75,0.1,True,True,False,,,,,,,,,,False,False,False,,,,crypto_wizards_active_report,data/raw/crypto_wizards_scanner_2026-06-25/scanner_binance_sharpe.json,/Users/gregc/Documents/Codex/2026-06-15-chief-quantitative-research-architect-you-are/reports/active/crypto_wizards_multi_venue_sharpe_rows_2026-06-25.csv
ETHUSDC-SEIUSDT,ETHUSDC,SEIUSDT,,,,,,,False,missing,missing_exact_mode,2.75,,,1.75,0.1,True,True,False,,,,,,,,,,False,False,False,,,,crypto_wizards_active_report,data/raw/crypto_wizards_scanner_2026-06-25/scanner_binance_sharpe.json,/Users/gregc/Documents/Codex/2026-06-15-chief-quantitative-research-architect-you-are/reports/active/crypto_wizards_multi_venue_sharpe_rows_2026-06-25.csv
ETHUSDC-STXUSDT,ETHUSDC,STXUSDT,,,,,,,False,missing,missing_exact_mode,2.75,,,1.75,0.1,True,True,False,,,,,,,,,,False,False,False,,,,crypto_wizards_active_report,data/raw/crypto_wizards_scanner_2026-06-25/scanner_binance_sharpe.json,/Users/gregc/Documents/Codex/2026-06-15-chief-quantitative-research-architect-you-are/reports/active/crypto_wizards_multi_venue_sharpe_rows_2026-06-25.csv
ETHUSDT-VETUSD,ETHUSDT,VETUSD,,,,,,,False,missing,missing_exact_mode,2.75,,,1.75,0.1,True,True,False,,,,,,,,,,False,False,False,,,,crypto_wizards_active_report,data/raw/crypto_wizards_scanner_2026-06-25/scanner_binanceus_sharpe.json,/Users/gregc/Documents/Codex/2026-06-15-chief-quantitative-research-architect-you-are/reports/active/crypto_wizards_multi_venue_sharpe_rows_2026-06-25.csv
ETHUSD-VETUSD,ETHUSD,VETUSD,,,,,,,False,missing,missing_exact_mode,2.74,,,1.75,0.1,True,True,False,,,,,,,,,,False,False,False,,,,crypto_wizards_active_report,data/raw/crypto_wizards_scanner_2026-06-25/scanner_binanceus_sharpe.json,/Users/gregc/Documents/Codex/2026-06-15-chief-quantitative-research-architect-you-are/reports/active/crypto_wizards_multi_venue_sharpe_rows_2026-06-25.csv
DYMUSDT-ETHUSDC,DYMUSDT,ETHUSDC,,,,,,,False,missing,missing_exact_mode,2.72,,,1.75,0.1,True,True,False,,,,,,,,,,False,False,False,,,,crypto_wizards_active_report,data/raw/crypto_wizards_scanner_2026-06-25/scanner_binance_sharpe.json,/Users/gregc/Documents/Codex/2026-06-15-chief-quantitative-research-architect-you-are/reports/active/crypto_wizards_multi_venue_sharpe_rows_2026-06-25.csv
ETHUSD-PEPEUSDT,ETHUSD,PEPEUSDT,,,,,,,False,missing,missing_exact_mode,2.72,,,1.75,0.1,True,True,False,,,,,,,,,,False,False,False,,,,crypto_wizards_active_report,data/raw/crypto_wizards_scanner_2026-06-25/scanner_binanceus_sharpe.json,/Users/gregc/Documents/Codex/2026-06-15-chief-quantitative-research-architect-you-are/reports/active/crypto_wizards_multi_venue_sharpe_rows_2026-06-25.csv
BIGTIMEUSDT-ETHUSDT,BIGTIMEUSDT,ETHUSDT,,,,,,,False,missing,missing_exact_mode,2.72,,,1.75,0.1,True,True,False,,,,,,,,,,False,False,False,,,,crypto_wizards_active_report,data/raw/crypto_wizards_scanner_2026-06-25/scanner_bybit_sharpe.json,/Users/gregc/Documents/Codex/2026-06-15-chief-quantitative-research-architect-you-are/reports/active/crypto_wizards_multi_venue_sharpe_rows_2026-06-25.csv
ETHUSDT-VETUSDT,ETHUSDT,VETUSDT,,,,,,,False,missing,missing_exact_mode,2.71,,,1.75,0.1,True,True,False,,,,,,,,,,False,False,False,,,,crypto_wizards_active_report,data/raw/crypto_wizards_scanner_2026-06-25/scanner_binanceus_sharpe.json,/Users/gregc/Documents/Codex/2026-06-15-chief-quantitative-research-architect-you-are/reports/active/crypto_wizards_multi_venue_sharpe_rows_2026-06-25.csv
ETHUSDT-PEPEUSDT,ETHUSDT,PEPEUSDT,,,,,,,False,missing,missing_exact_mode,2.7,,,1.75,0.1,True,True,False,,,,,,,,,,False,False,False,,,,crypto_wizards_active_report,data/raw/crypto_wizards_scanner_2026-06-25/scanner_binanceus_sharpe.json,/Users/gregc/Documents/Codex/2026-06-15-chief-quantitative-research-architect-you-are/reports/active/crypto_wizards_multi_venue_sharpe_rows_2026-06-25.csv
ETHUSD-VETUSDT,ETHUSD,VETUSDT,,,,,,,False,missing,missing_exact_mode,2.7,,,1.75,0.1,True,True,False,,,,,,,,,,False,False,False,,,,crypto_wizards_active_report,data/raw/crypto_wizards_scanner_2026-06-25/scanner_binanceus_sharpe.json,/Users/gregc/Documents/Codex/2026-06-15-chief-quantitative-research-architect-you-are/reports/active/crypto_wizards_multi_venue_sharpe_rows_2026-06-25.csv
AXSUSDT-ETHBTCUSDT,AXSUSDT,ETHBTCUSDT,,,,,,,False,missing,missing_exact_mode,2.7,,,1.75,0.1,True,True,False,,,,,,,,,,False,False,False,,,,crypto_wizards_active_report,data/raw/crypto_wizards_scanner_2026-06-25/scanner_bybit_sharpe.json,/Users/gregc/Documents/Codex/2026-06-15-chief-quantitative-research-architect-you-are/reports/active/crypto_wizards_multi_venue_sharpe_rows_2026-06-25.csv
BLUR-USD/ETHFI-USD,BLUR-USD,ETHFI-USD,,,,,,,False,missing,missing_exact_mode,2.66,,,1.75,0.1,True,True,False,,,,,,,,,,False,False,False,,,,crypto_wizards_active_report,/Users/gregc/Documents/Codex/2026-06-15-chief-quantitative-research-architect-you-are/reports/active/crypto_wizards_exchange_sample_2026-06-25.csv,/Users/gregc/Documents/Codex/2026-06-15-chief-quantitative-research-architect-you-are/reports/active/crypto_wizards_exchange_sample_2026-06-25.csv
ETHBTCUSDT-NOTPERP,ETHBTCUSDT,NOTPERP,,,,,,,False,missing,missing_exact_mode,2.66,,,1.75,0.1,True,True,False,,,,,,,,,,False,False,False,,,,crypto_wizards_active_report,data/raw/crypto_wizards_scanner_2026-06-25/scanner_bybit_sharpe.json,/Users/gregc/Documents/Codex/2026-06-15-chief-quantitative-research-architect-you-are/reports/active/crypto_wizards_multi_venue_sharpe_rows_2026-06-25.csv
ETHBTCUSDT-MEUSDT,ETHBTCUSDT,MEUSDT,,,,,,,False,missing,missing_exact_mode,2.64,,,1.75,0.1,True,True,False,,,,,,,,,,False,False,False,,,,crypto_wizards_active_report,data/raw/crypto_wizards_scanner_2026-06-25/scanner_bybit_sharpe.json,/Users/gregc/Documents/Codex/2026-06-15-chief-quantitative-research-architect-you-are/reports/active/crypto_wizards_multi_venue_sharpe_rows_2026-06-25.csv
AVAUSDT-ETHBTCUSDT,AVAUSDT,ETHBTCUSDT,,,,,,,False,missing,missing_exact_mode,2.59,,,1.75,0.1,True,True,False,,,,,,,,,,False,False,False,,,,crypto_wizards_active_report,data/raw/crypto_wizards_scanner_2026-06-25/scanner_bybit_sharpe.json,/Users/gregc/Documents/Codex/2026-06-15-chief-quantitative-research-architect-you-are/reports/active/crypto_wizards_multi_venue_sharpe_rows_2026-06-25.csv
ATOMUSDT-ETHBTCUSDT,ATOMUSDT,ETHBTCUSDT,,,,,,,False,missing,missing_exact_mode,2.59,,,1.75,0.1,True,True,False,,,,,,,,,,False,False,False,,,,crypto_wizards_active_report,data/raw/crypto_wizards_scanner_2026-06-25/scanner_bybit_sharpe.json,/Users/gregc/Documents/Codex/2026-06-15-chief-quantitative-research-architect-you-are/reports/active/crypto_wizards_multi_venue_sharpe_rows_2026-06-25.csv
ETHUSDT-POWRUSDT,ETHUSDT,POWRUSDT,,,,,,,False,missing,missing_exact_mode,2.59,,,1.75,0.1,True,True,False,,,,,,,,,,False,False,False,,,,crypto_wizards_active_report,data/raw/crypto_wizards_scanner_2026-06-25/scanner_bybit_sharpe.json,/Users/gregc/Documents/Codex/2026-06-15-chief-quantitative-research-architect-you-are/reports/active/crypto_wizards_multi_venue_sharpe_rows_2026-06-25.csv
ETH-USDT-FET-USD,ETH-USDT,FET-USD,,,,,,,False,missing,missing_exact_mode,2.58,,,1.75,0.1,True,True,False,,,,,,,,,,False,False,False,,,,crypto_wizards_active_report,data/raw/crypto_wizards_scanner_2026-06-25/scanner_coinbase_sharpe.json,/Users/gregc/Documents/Codex/2026-06-15-chief-quantitative-research-architect-you-are/reports/active/crypto_wizards_multi_venue_sharpe_rows_2026-06-25.csv
ETHBTCUSDT-RENDERUSDT,ETHBTCUSDT,RENDERUSDT,,,,,,,False,missing,missing_exact_mode,2.57,,,1.75,0.1,True,True,False,,,,,,,,,,False,False,False,,,,crypto_wizards_active_report,data/raw/crypto_wizards_scanner_2026-06-25/scanner_bybit_sharpe.json,/Users/gregc/Documents/Codex/2026-06-15-chief-quantitative-research-architect-you-are/reports/active/crypto_wizards_multi_venue_sharpe_rows_2026-06-25.csv
ETHPERP-POLYXUSDT,ETHPERP,POLYXUSDT,,,,,,,False,missing,missing_exact_mode,2.49,,,1.75,0.1,True,True,False,,,,,,,,,,False,False,False,,,,crypto_wizards_active_report,data/raw/crypto_wizards_scanner_2026-06-25/scanner_bybit_sharpe.json,/Users/gregc/Documents/Codex/2026-06-15-chief-quantitative-research-architect-you-are/reports/active/crypto_wizards_multi_venue_sharpe_rows_2026-06-25.csv
BTCPERP-ETHUSDT,BTCPERP,ETHUSDT,,,,,,,False,missing,missing_exact_mode,2.45,,,1.75,0.1,True,True,False,,,,,,,,,,False,False,False,,,,crypto_wizards_active_report,data/raw/crypto_wizards_scanner_2026-06-25/scanner_bybit_sharpe.json,/Users/gregc/Documents/Codex/2026-06-15-chief-quantitative-research-architect-you-are/reports/active/crypto_wizards_multi_venue_sharpe_rows_2026-06-25.csv
BTCUSDT-ETHUSDT,BTCUSDT,ETHUSDT,,,,,,,False,missing,missing_exact_mode,2.45,,,1.75,0.1,True,True,False,,,,,,,,,,False,False,False,,,,crypto_wizards_active_report,data/raw/crypto_wizards_scanner_2026-06-25/scanner_bybit_sharpe.json,/Users/gregc/Documents/Codex/2026-06-15-chief-quantitative-research-architect-you-are/reports/active/crypto_wizards_multi_venue_sharpe_rows_2026-06-25.csv
BTCPERP-ETHPERP,BTCPERP,ETHPERP,,,,,,,False,missing,missing_exact_mode,2.45,,,1.75,0.1,True,True,False,,,,,,,,,,False,False,False,,,,crypto_wizards_active_report,data/raw/crypto_wizards_scanner_2026-06-25/scanner_bybit_sharpe.json,/Users/gregc/Documents/Codex/2026-06-15-chief-quantitative-research-architect-you-are/reports/active/crypto_wizards_multi_venue_sharpe_rows_2026-06-25.csv
CHZ-USD/ETHFI-USD,CHZ-USD,ETHFI-USD,,,,,,,False,missing,missing_exact_mode,2.28,,,1.75,0.1,True,True,False,,,,,,,,,,False,False,False,,,,crypto_wizards_active_report,/Users/gregc/Documents/Codex/2026-06-15-chief-quantitative-research-architect-you-are/reports/active/crypto_wizards_exchange_sample_2026-06-25.csv,/Users/gregc/Documents/Codex/2026-06-15-chief-quantitative-research-architect-you-are/reports/active/crypto_wizards_exchange_sample_2026-06-25.csv
CHZ-USD-ETHFI-USD,CHZ-USD,ETHFI-USD,,,,,,,False,missing,missing_exact_mode,2.28,,,1.75,0.1,True,True,False,,,,,,,,,,False,False,False,,,,crypto_wizards_active_report,data/raw/crypto_wizards_scanner_2026-06-25/scanner_dydx_sharpe.json,/Users/gregc/Documents/Codex/2026-06-15-chief-quantitative-research-architect-you-are/reports/active/crypto_wizards_multi_venue_sharpe_rows_2026-06-25.csv
ARKM-USD-ETH-USD,ARKM-USD,ETH-USD,,,,,,,False,missing,missing_exact_mode,2.25,,,1.75,0.1,True,True,False,,,,,,,,,,False,False,False,,,,crypto_wizards_active_report,data/raw/crypto_wizards_scanner_2026-06-25/scanner_coinbase_sharpe.json,/Users/gregc/Documents/Codex/2026-06-15-chief-quantitative-research-architect-you-are/reports/active/crypto_wizards_multi_venue_sharpe_rows_2026-06-25.csv
BONK-USD-ETH-BTC,BONK-USD,ETH-BTC,,,,,,,False,missing,missing_exact_mode,2.18,,,1.75,0.1,True,True,False,,,,,,,,,,False,False,False,,,,crypto_wizards_active_report,data/raw/crypto_wizards_scanner_2026-06-25/scanner_coinbase_sharpe.json,/Users/gregc/Documents/Codex/2026-06-15-chief-quantitative-research-architect-you-are/reports/active/crypto_wizards_multi_venue_sharpe_rows_2026-06-25.csv
BTC-GBP-SOL-ETH,BTC-GBP,SOL-ETH,,,,,,,False,missing,missing_exact_mode,2.08,,,1.75,0.1,True,True,False,,,,,,,,,,False,False,False,,,,crypto_wizards_active_report,data/raw/crypto_wizards_scanner_2026-06-25/scanner_coinbase_sharpe.json,/Users/gregc/Documents/Codex/2026-06-15-chief-quantitative-research-architect-you-are/reports/active/crypto_wizards_multi_venue_sharpe_rows_2026-06-25.csv
AXS-USDT-ETH-USD,AXS-USDT,ETH-USD,,,,,,,False,missing,missing_exact_mode,2.06,,,1.75,0.1,True,True,False,,,,,,,,,,False,False,False,,,,crypto_wizards_active_report,data/raw/crypto_wizards_scanner_2026-06-25/scanner_coinbase_sharpe.json,/Users/gregc/Documents/Codex/2026-06-15-chief-quantitative-research-architect-you-are/reports/active/crypto_wizards_multi_venue_sharpe_rows_2026-06-25.csv
ETH-EUR-MOG-USD,ETH-EUR,MOG-USD,,,,,,,False,missing,missing_exact_mode,2.04,,,1.75,0.1,True,True,False,,,,,,,,,,False,False,False,,,,crypto_wizards_active_report,data/raw/crypto_wizards_scanner_2026-06-25/scanner_coinbase_sharpe.json,/Users/gregc/Documents/Codex/2026-06-15-chief-quantitative-research-architect-you-are/reports/active/crypto_wizards_multi_venue_sharpe_rows_2026-06-25.csv
BNB-USD/ETH-USD,BNB-USD,ETH-USD,,,,,,,False,missing,missing_exact_mode,1.98,,,1.75,0.1,True,True,False,,,,,,,,,,False,False,False,,,,crypto_wizards_active_report,/Users/gregc/Documents/Codex/2026-06-15-chief-quantitative-research-architect-you-are/reports/active/crypto_wizards_exchange_sample_2026-06-25.csv,/Users/gregc/Documents/Codex/2026-06-15-chief-quantitative-research-architect-you-are/reports/active/crypto_wizards_exchange_sample_2026-06-25.csv
BNB-USD-ETH-USD,BNB-USD,ETH-USD,,,,,,,False,missing,missing_exact_mode,1.98,,,1.75,0.1,True,True,False,,,,,,,,,,False,False,False,,,,crypto_wizards_active_report,data/raw/crypto_wizards_scanner_2026-06-25/scanner_dydx_sharpe.json,/Users/gregc/Documents/Codex/2026-06-15-chief-quantitative-research-architect-you-are/reports/active/crypto_wizards_multi_venue_sharpe_rows_2026-06-25.csv
00-USD-ETH-USDT,00-USD,ETH-USDT,,,,,,,False,missing,missing_exact_mode,1.95,,,1.75,0.1,True,True,False,,,,,,,,,,False,False,False,,,,crypto_wizards_active_report,data/raw/crypto_wizards_scanner_2026-06-25/scanner_coinbase_sharpe.json,/Users/gregc/Documents/Codex/2026-06-15-chief-quantitative-research-architect-you-are/reports/active/crypto_wizards_multi_venue_sharpe_rows_2026-06-25.csv
ETH-EUR-FAI-USD,ETH-EUR,FAI-USD,,,,,,,False,missing,missing_exact_mode,1.85,,,1.75,0.1,True,True,False,,,,,,,,,,False,False,False,,,,crypto_wizards_active_report,data/raw/crypto_wizards_scanner_2026-06-25/scanner_coinbase_sharpe.json,/Users/gregc/Documents/Codex/2026-06-15-chief-quantitative-research-architect-you-are/reports/active/crypto_wizards_multi_venue_sharpe_rows_2026-06-25.csv
ETH-USD/PYTH-USD,ETH-USD,PYTH-USD,,,,,,,False,missing,missing_exact_mode,1.81,,,1.75,0.1,True,True,False,,,,,,,,,,False,False,False,,,,crypto_wizards_active_report,/Users/gregc/Documents/Codex/2026-06-15-chief-quantitative-research-architect-you-are/reports/active/crypto_wizards_exchange_sample_2026-06-25.csv,/Users/gregc/Documents/Codex/2026-06-15-chief-quantitative-research-architect-you-are/reports/active/crypto_wizards_exchange_sample_2026-06-25.csv
LSETH-USD-ZETACHAIN-USD,LSETH-USD,ZETACHAIN-USD,,,,,,,False,missing,missing_exact_mode,1.81,,,1.75,0.1,True,True,False,,,,,,,,,,False,False,False,,,,crypto_wizards_active_report,data/raw/crypto_wizards_scanner_2026-06-25/scanner_coinbase_sharpe.json,/Users/gregc/Documents/Codex/2026-06-15-chief-quantitative-research-architect-you-are/reports/active/crypto_wizards_multi_venue_sharpe_rows_2026-06-25.csv
ETH-USD-PYTH-USD,ETH-USD,PYTH-USD,,,,,,,False,missing,missing_exact_mode,1.81,,,1.75,0.1,True,True,False,,,,,,,,,,False,False,False,,,,crypto_wizards_active_report,data/raw/crypto_wizards_scanner_2026-06-25/scanner_dydx_sharpe.json,/Users/gregc/Documents/Codex/2026-06-15-chief-quantitative-research-architect-you-are/reports/active/crypto_wizards_multi_venue_sharpe_rows_2026-06-25.csv
ETH-USD/MORPHO-USD,ETH-USD,MORPHO-USD,,Daily,,,,,False,missing,missing_exact_mode,1.430484,0.82324696,82.324696,1.75,0.1,False,False,True,,,,,,,,,,False,False,False,,,,crypto_wizards_active_report,/Users/gregc/Documents/Codex/2026-06-15-chief-quantitative-research-architect-you-are/reports/active/crypto_wizards_next_best_queue_after_apify_refresh.csv,/Users/gregc/Documents/Codex/2026-06-15-chief-quantitative-research-architect-you-are/reports/active/crypto_wizards_next_best_queue_after_apify_refresh.csv
ETH-USD/MORPHO-USD,ETH-USD,MORPHO-USD,,Daily,,,,,False,missing,missing_exact_mode,1.430484,0.82324696,82.324696,1.75,0.1,False,False,True,,,,,,,,,,False,False,False,,,,crypto_wizards_active_report,/Users/gregc/Documents/Codex/2026-06-15-chief-quantitative-research-architect-you-are/reports/active/crypto_wizards_next_best_sharpe_returns_queue.csv,/Users/gregc/Documents/Codex/2026-06-15-chief-quantitative-research-architect-you-are/reports/active/crypto_wizards_next_best_sharpe_returns_queue.csv
ETH-USD/MORPHO-USD,ETH-USD,MORPHO-USD,,Daily,,,,,False,missing,missing_exact_mode,1.430484,0.82324696,82.324696,1.75,0.1,False,False,True,,,,,,,,,,False,False,False,,,,crypto_wizards_active_report,reports/crypto_wizards_step1_simple_discovery_gate.csv,/Users/gregc/Documents/Codex/2026-06-15-chief-quantitative-research-architect-you-are/reports/active/crypto_wizards_research_blockers_only_list.csv
DOGE-USD/ORDI-USD,DOGE-USD,ORDI-USD,,Daily,,,,,False,missing,missing_exact_mode,1.1703709,0.44486666,44.486666,1.75,0.1,False,False,True,,,,,,,,,,False,False,False,,,,crypto_wizards_active_report,/Users/gregc/Documents/Codex/2026-06-15-chief-quantitative-research-architect-you-are/reports/active/crypto_wizards_next_best_queue_after_apify_refresh.csv,/Users/gregc/Documents/Codex/2026-06-15-chief-quantitative-research-architect-you-are/reports/active/crypto_wizards_next_best_queue_after_apify_refresh.csv
DOGE-USD/ORDI-USD,DOGE-USD,ORDI-USD,,Daily,,,,,False,missing,missing_exact_mode,1.1703709,0.44486666,44.486666,1.75,0.1,False,False,True,,,,,,,,,,False,False,False,,,,crypto_wizards_active_report,/Users/gregc/Documents/Codex/2026-06-15-chief-quantitative-research-architect-you-are/reports/active/crypto_wizards_next_best_sharpe_returns_queue.csv,/Users/gregc/Documents/Codex/2026-06-15-chief-quantitative-research-architect-you-are/reports/active/crypto_wizards_next_best_sharpe_returns_queue.csv
DOGE-USD/ORDI-USD,DOGE-USD,ORDI-USD,,Daily,,,,,False,missing,missing_exact_mode,1.1703709,0.44486666,44.486666,1.75,0.1,False,False,True,,,,,,,,,,False,False,False,,,,crypto_wizards_active_report,reports/crypto_wizards_step1_simple_discovery_gate.csv,/Users/gregc/Documents/Codex/2026-06-15-chief-quantitative-research-architect-you-are/reports/active/crypto_wizards_research_blockers_only_list.csv
DOGE-USD/EIGEN-USD,DOGE-USD,EIGEN-USD,,Daily,,,,,False,missing,missing_exact_mode,0.17394543,0.23283796,23.283796000000002,1.75,0.1,False,False,True,,,,,,,,,,False,False,False,,,,crypto_wizards_active_report,/Users/gregc/Documents/Codex/2026-06-15-chief-quantitative-research-architect-you-are/reports/active/crypto_wizards_next_best_queue_after_apify_refresh.csv,/Users/gregc/Documents/Codex/2026-06-15-chief-quantitative-research-architect-you-are/reports/active/crypto_wizards_next_best_queue_after_apify_refresh.csv
DOGE-USD/EIGEN-USD,DOGE-USD,EIGEN-USD,,Daily,,,,,False,missing,missing_exact_mode,0.17394543,0.23283796,23.283796000000002,1.75,0.1,False,False,True,,,,,,,,,,False,False,False,,,,crypto_wizards_active_report,/Users/gregc/Documents/Codex/2026-06-15-chief-quantitative-research-architect-you-are/reports/active/crypto_wizards_next_best_sharpe_returns_queue.csv,/Users/gregc/Documents/Codex/2026-06-15-chief-quantitative-research-architect-you-are/reports/active/crypto_wizards_next_best_sharpe_returns_queue.csv
DOGE-USD/EIGEN-USD,DOGE-USD,EIGEN-USD,,Daily,,,,,False,missing,missing_exact_mode,0.17394543,0.23283796,23.283796000000002,1.75,0.1,False,False,True,,,,,,,,,,False,False,False,,,,crypto_wizards_active_report,reports/crypto_wizards_step1_simple_discovery_gate.csv,/Users/gregc/Documents/Codex/2026-06-15-chief-quantitative-research-architect-you-are/reports/active/crypto_wizards_research_blockers_only_list.csv
DOGE-USD/MORPHO-USD,DOGE-USD,MORPHO-USD,,Daily,,,,,False,missing,missing_exact_mode,1.3574277,0.23024523,23.024523,1.75,0.1,False,False,True,,,,,,,,,,False,False,False,,,,crypto_wizards_active_report,/Users/gregc/Documents/Codex/2026-06-15-chief-quantitative-research-architect-you-are/reports/active/crypto_wizards_next_best_queue_after_apify_refresh.csv,/Users/gregc/Documents/Codex/2026-06-15-chief-quantitative-research-architect-you-are/reports/active/crypto_wizards_next_best_queue_after_apify_refresh.csv
DOGE-USD/MORPHO-USD,DOGE-USD,MORPHO-USD,,Daily,,,,,False,missing,missing_exact_mode,1.3574277,0.23024523,23.024523,1.75,0.1,False,False,True,,,,,,,,,,False,False,False,,,,crypto_wizards_active_report,/Users/gregc/Documents/Codex/2026-06-15-chief-quantitative-research-architect-you-are/reports/active/crypto_wizards_next_best_sharpe_returns_queue.csv,/Users/gregc/Documents/Codex/2026-06-15-chief-quantitative-research-architect-you-are/reports/active/crypto_wizards_next_best_sharpe_returns_queue.csv
DOGE-USD/MORPHO-USD,DOGE-USD,MORPHO-USD,,Daily,,,,,False,missing,missing_exact_mode,1.3574277,0.23024523,23.024523,1.75,0.1,False,False,True,,,,,,,,,,False,False,False,,,,crypto_wizards_active_report,reports/crypto_wizards_step1_simple_discovery_gate.csv,/Users/gregc/Documents/Codex/2026-06-15-chief-quantitative-research-architect-you-are/reports/active/crypto_wizards_research_blockers_only_list.csv
ENS-USD/MOVE-USD,ENS-USD,MOVE-USD,,Hourly,,,,,False,missing,missing_exact_mode,0.98877144,0.21377349,21.377349000000002,1.75,0.1,False,False,True,,,,,,,,,,False,False,False,,,,crypto_wizards_active_report,/Users/gregc/Documents/Codex/2026-06-15-chief-quantitative-research-architect-you-are/reports/active/crypto_wizards_next_best_queue_after_apify_refresh.csv,/Users/gregc/Documents/Codex/2026-06-15-chief-quantitative-research-architect-you-are/reports/active/crypto_wizards_next_best_queue_after_apify_refresh.csv
ENS-USD/MOVE-USD,ENS-USD,MOVE-USD,,Hourly,,,,,False,missing,missing_exact_mode,0.98877144,0.21377349,21.377349000000002,1.75,0.1,False,False,True,,,,,,,,,,False,False,False,,,,crypto_wizards_active_report,/Users/gregc/Documents/Codex/2026-06-15-chief-quantitative-research-architect-you-are/reports/active/crypto_wizards_next_best_sharpe_returns_queue.csv,/Users/gregc/Documents/Codex/2026-06-15-chief-quantitative-research-architect-you-are/reports/active/crypto_wizards_next_best_sharpe_returns_queue.csv
ENS-USD/MOVE-USD,ENS-USD,MOVE-USD,,Hourly,,,,,False,missing,missing_exact_mode,0.98877144,0.21377349,21.377349000000002,1.75,0.1,False,False,True,,,,,,,,,,False,False,False,,,,crypto_wizards_active_report,reports/crypto_wizards_step1_simple_discovery_gate.csv,/Users/gregc/Documents/Codex/2026-06-15-chief-quantitative-research-architect-you-are/reports/active/crypto_wizards_research_blockers_only_list.csv
DOGE-USD/FLOKI-USD,DOGE-USD,FLOKI-USD,dydx,daily,365.0,,,,False,missing,missing_exact_mode,0.4013280973031612,0.1799534484052714,17.99534484052714,1.75,0.1,False,False,True,1.1569658511977543,5.2551526083086255,,,,,,,,False,False,False,1.3183332725612273,,-0.16953365830971054,crypto_wizards_active_report,data/raw/pair_details/pair_DOGE-USD_FLOKI-USD_Dydx_Daily_365_daily_cw_backtest_history.json,/Users/gregc/Documents/Codex/2026-06-15-chief-quantitative-research-architect-you-are/reports/active/crypto_wizards_research_blockers_only_list.csv
TAO-USD/UNI-USD,TAO-USD,UNI-USD,,Daily,,,,,False,missing,missing_exact_mode,1.1889083,0.16250306,16.250306000000002,1.75,0.1,False,False,True,,,,,,,,,,False,False,False,,,,crypto_wizards_active_report,reports/crypto_wizards_step1_simple_discovery_gate.csv,/Users/gregc/Documents/Codex/2026-06-15-chief-quantitative-research-architect-you-are/reports/active/crypto_wizards_research_blockers_only_list.csv
DOGE-USD/ETH-USD,DOGE-USD,ETH-USD,,Daily,,,,,False,missing,missing_exact_mode,0.6877366,0.10745284,10.745284,1.75,0.1,False,False,True,,,,,,,,,,False,False,False,,,,crypto_wizards_active_report,reports/crypto_wizards_step1_simple_discovery_gate.csv,/Users/gregc/Documents/Codex/2026-06-15-chief-quantitative-research-architect-you-are/reports/active/crypto_wizards_research_blockers_only_list.csv
HYPE-USD/TRX-USD,HYPE-USD,TRX-USD,dydx,daily,365.0,,,,False,missing,missing_exact_mode,0.5763862537021827,0.1025062134743128,10.250621347431279,1.75,0.1,False,False,True,0.9900213244036692,15.605226623539174,,,,,,,,False,False,False,0.21057417064790881,,-0.11025719133252013,crypto_wizards_active_report,data/raw/pair_details/pair_HYPE-USD_TRX-USD_Dydx_Daily_365_daily_cw_backtest_history.json,/Users/gregc/Documents/Codex/2026-06-15-chief-quantitative-research-architect-you-are/reports/active/crypto_wizards_research_blockers_only_list.csv
DYDX-USD/INJ-USD,DYDX-USD,INJ-USD,,Hourly,,,,,False,missing,missing_exact_mode,0.65474313,0.092495315,9.2495315,1.75,0.1,False,False,False,,,,,,,,,,False,False,False,,,,crypto_wizards_active_report,reports/crypto_wizards_step1_simple_discovery_gate.csv,/Users/gregc/Documents/Codex/2026-06-15-chief-quantitative-research-architect-you-are/reports/active/crypto_wizards_research_blockers_only_list.csv
ARB-USD/DYDX-USD,ARB-USD,DYDX-USD,,Hourly,,,,,False,missing,missing_exact_mode,0.68108535,0.08457579,8.457578999999999,1.75,0.1,False,False,False,,,,,,,,,,False,False,False,,,,crypto_wizards_active_report,reports/crypto_wizards_step1_simple_discovery_gate.csv,/Users/gregc/Documents/Codex/2026-06-15-chief-quantitative-research-architect-you-are/reports/active/crypto_wizards_research_blockers_only_list.csv
DOGE-USD/MANA-USD,DOGE-USD,MANA-USD,,Daily,,,,,False,missing,missing_exact_mode,0.4885585,0.07550505,7.550505,1.75,0.1,False,False,False,,,,,,,,,,False,False,False,,,,crypto_wizards_active_report,reports/crypto_wizards_step1_simple_discovery_gate.csv,/Users/gregc/Documents/Codex/2026-06-15-chief-quantitative-research-architect-you-are/reports/active/crypto_wizards_research_blockers_only_list.csv
DOGE-USD/IMX-USD,DOGE-USD,IMX-USD,,Daily,,,,,False,missing,missing_exact_mode,0.38498744,0.05687161,5.687161000000001,1.75,0.1,False,False,False,,,,,,,,,,False,False,False,,,,crypto_wizards_active_report,reports/crypto_wizards_step1_simple_discovery_gate.csv,/Users/gregc/Documents/Codex/2026-06-15-chief-quantitative-research-architect-you-are/reports/active/crypto_wizards_research_blockers_only_list.csv
DYDX-USD/ETC-USD,DYDX-USD,ETC-USD,,Hourly,,,,,False,missing,missing_exact_mode,0.6541543,0.054425534,5.4425533999999995,1.75,0.1,False,False,False,,,,,,,,,,False,False,False,,,,crypto_wizards_active_report,reports/crypto_wizards_step1_simple_discovery_gate.csv,/Users/gregc/Documents/Codex/2026-06-15-chief-quantitative-research-architect-you-are/reports/active/crypto_wizards_research_blockers_only_list.csv
CRO-USD/STX-USD,CRO-USD,STX-USD,,Hourly,,,,,False,missing,missing_exact_mode,0.37683642,0.039806016,3.9806016,1.75,0.1,False,False,False,,,,,,,,,,False,False,False,,,,crypto_wizards_active_report,reports/crypto_wizards_step1_simple_discovery_gate.csv,/Users/gregc/Documents/Codex/2026-06-15-chief-quantitative-research-architect-you-are/reports/active/crypto_wizards_research_blockers_only_list.csv
ARB-USD/DOGE-USD,ARB-USD,DOGE-USD,,Hourly,,,,,False,missing,missing_exact_mode,0.43469417,0.036303684,3.6303684,1.75,0.1,False,False,False,,,,,,,,,,False,False,False,,,,crypto_wizards_active_report,reports/crypto_wizards_step1_simple_discovery_gate.csv,/Users/gregc/Documents/Codex/2026-06-15-chief-quantitative-research-architect-you-are/reports/active/crypto_wizards_research_blockers_only_list.csv
ARB-USD/INJ-USD,ARB-USD,INJ-USD,,Hourly,,,,,False,missing,missing_exact_mode,0.2637269,0.033643823,3.3643823000000004,1.75,0.1,False,False,False,,,,,,,,,,False,False,False,,,,crypto_wizards_active_report,reports/crypto_wizards_step1_simple_discovery_gate.csv,/Users/gregc/Documents/Codex/2026-06-15-chief-quantitative-research-architect-you-are/reports/active/crypto_wizards_research_blockers_only_list.csv
BTC-USD/DOGE-USD,BTC-USD,DOGE-USD,dydx,hourly,320.0,,,,False,missing,missing_exact_mode,0.8659150639559292,0.0291146579528454,2.9114657952845397,1.75,0.1,False,False,False,0.886688814217463,44.03241872045082,,,,,,,,False,False,False,1.0007812063022048,,-0.01197349669388912,crypto_wizards_active_report,data/raw/pair_details/pair_BTC-USD_DOGE-USD_Dydx_Hourly_320_hourly_cw_backtest_history.json,/Users/gregc/Documents/Codex/2026-06-15-chief-quantitative-research-architect-you-are/reports/active/crypto_wizards_research_blockers_only_list.csv
ETH-USD/XRP-USD,ETH-USD,XRP-USD,dydx,hourly,320.0,,,,False,missing,missing_exact_mode,0.4066573003534723,0.023725296637741,2.3725296637741,1.75,0.1,False,False,False,0.8254514974979724,16.29459672871546,,,,,,,,False,False,False,0.9849847622963465,,-0.010597501173914368,crypto_wizards_active_report,data/raw/pair_details/pair_ETH-USD_XRP-USD_Dydx_Hourly_320_hourly_cw_backtest_history.json,/Users/gregc/Documents/Codex/2026-06-15-chief-quantitative-research-architect-you-are/reports/active/crypto_wizards_research_blockers_only_list.csv
DOGE-USD/LTC-USD,DOGE-USD,LTC-USD,dydx,hourly,320.0,,,,False,missing,missing_exact_mode,-0.1899170519393765,0.0065125657985463,0.65125657985463,1.75,0.1,False,False,False,1.1181309500625634,31.20500585377005,,,,,,,,False,False,False,0.30708965903893226,,-0.031011926194021055,crypto_wizards_active_report,data/raw/pair_details/pair_DOGE-USD_LTC-USD_Dydx_Hourly_320_hourly_cw_backtest_history.json,/Users/gregc/Documents/Codex/2026-06-15-chief-quantitative-research-architect-you-are/reports/active/crypto_wizards_research_blockers_only_list.csv
BERA-USD/TAO-USD,BERA-USD,TAO-USD,dydx,daily,365.0,,,,False,missing,missing_exact_mode,-0.0445177396630313,-0.0020000015000003,-0.20000015000003,1.75,0.1,False,False,False,0.9782714849782278,12.264042753983208,,,,,,,,False,False,False,0.22946273011747054,,-0.20707013233329877,crypto_wizards_active_report,data/raw/pair_details/pair_BERA-USD_TAO-USD_Dydx_Daily_365_daily_cw_backtest_history.json,/Users/gregc/Documents/Codex/2026-06-15-chief-quantitative-research-architect-you-are/reports/active/crypto_wizards_research_blockers_only_list.csv
SOL-USD/WLD-USD,SOL-USD,WLD-USD,dydx,daily,365.0,,,,False,missing,missing_exact_mode,-0.0551021924821042,-0.0517903827433254,-5.17903827433254,1.75,0.1,False,False,False,0.8644019586902756,12.488764627720734,,,,,,,,False,False,False,1.2675480124276586,,-0.49826698488168963,crypto_wizards_active_report,data/raw/pair_details/pair_SOL-USD_WLD-USD_Dydx_Daily_365_daily_cw_backtest_history.json,/Users/gregc/Documents/Codex/2026-06-15-chief-quantitative-research-architect-you-are/reports/active/crypto_wizards_research_blockers_only_list.csv
BNB-USD/DYM-USD,BNB-USD,DYM-USD,dydx,daily,365.0,,,,False,missing,missing_exact_mode,-1.322146536310213,-0.1462207200721601,-14.62207200721601,1.75,0.1,False,False,False,1.0901397207806505,48.49826536510875,,,,,,,,False,False,False,2.764178636422376,,-0.15736592010512707,crypto_wizards_active_report,data/raw/pair_details/pair_BNB-USD_DYM-USD_Dydx_Daily_365_daily_cw_backtest_history.json,/Users/gregc/Documents/Codex/2026-06-15-chief-quantitative-research-architect-you-are/reports/active/crypto_wizards_research_blockers_only_list.csv
ETC-USD/ETH-USD,ETC-USD,ETH-USD,,,,,,,False,missing,missing_exact_mode,1.66,,,1.75,0.1,False,False,False,,,,,,,,,,False,False,False,,,,crypto_wizards_active_report,/Users/gregc/Documents/Codex/2026-06-15-chief-quantitative-research-architect-you-are/reports/active/crypto_wizards_exchange_sample_2026-06-25.csv,/Users/gregc/Documents/Codex/2026-06-15-chief-quantitative-research-architect-you-are/reports/active/crypto_wizards_exchange_sample_2026-06-25.csv
ETC-USD-ETH-USD,ETC-USD,ETH-USD,,,,,,,False,missing,missing_exact_mode,1.66,,,1.75,0.1,False,False,False,,,,,,,,,,False,False,False,,,,crypto_wizards_active_report,data/raw/crypto_wizards_scanner_2026-06-25/scanner_dydx_sharpe.json,/Users/gregc/Documents/Codex/2026-06-15-chief-quantitative-research-architect-you-are/reports/active/crypto_wizards_multi_venue_sharpe_rows_2026-06-25.csv
ETH-USD-USUAL-USD,ETH-USD,USUAL-USD,,,,,,,False,missing,missing_exact_mode,1.66,,,1.75,0.1,False,False,False,,,,,,,,,,False,False,False,,,,crypto_wizards_active_report,data/raw/crypto_wizards_scanner_2026-06-25/scanner_dydx_sharpe.json,/Users/gregc/Documents/Codex/2026-06-15-chief-quantitative-research-architect-you-are/reports/active/crypto_wizards_multi_venue_sharpe_rows_2026-06-25.csv
ETHFI-USD-FIL-USD,ETHFI-USD,FIL-USD,,,,,,,False,missing,missing_exact_mode,1.65,,,1.75,0.1,False,False,False,,,,,,,,,,False,False,False,,,,crypto_wizards_active_report,data/raw/crypto_wizards_scanner_2026-06-25/scanner_dydx_sharpe.json,/Users/gregc/Documents/Codex/2026-06-15-chief-quantitative-research-architect-you-are/reports/active/crypto_wizards_multi_venue_sharpe_rows_2026-06-25.csv
MDT-USD-ETH-GBP,MDT-USD,ETH-GBP,,,,,,,False,missing,missing_exact_mode,1.59,,,1.75,0.1,False,False,False,,,,,,,,,,False,False,False,,,,crypto_wizards_active_report,data/raw/crypto_wizards_scanner_2026-06-25/scanner_coinbase_sharpe.json,/Users/gregc/Documents/Codex/2026-06-15-chief-quantitative-research-architect-you-are/reports/active/crypto_wizards_multi_venue_sharpe_rows_2026-06-25.csv
ETH-USD-TIA-USD,ETH-USD,TIA-USD,,,,,,,False,missing,missing_exact_mode,1.57,,,1.75,0.1,False,False,False,,,,,,,,,,False,False,False,,,,crypto_wizards_active_report,data/raw/crypto_wizards_scanner_2026-06-25/scanner_dydx_sharpe.json,/Users/gregc/Documents/Codex/2026-06-15-chief-quantitative-research-architect-you-are/reports/active/crypto_wizards_multi_venue_sharpe_rows_2026-06-25.csv
ETHFI-USD-NEAR-USD,ETHFI-USD,NEAR-USD,,,,,,,False,missing,missing_exact_mode,1.53,,,1.75,0.1,False,False,False,,,,,,,,,,False,False,False,,,,crypto_wizards_active_report,data/raw/crypto_wizards_scanner_2026-06-25/scanner_dydx_sharpe.json,/Users/gregc/Documents/Codex/2026-06-15-chief-quantitative-research-architect-you-are/reports/active/crypto_wizards_multi_venue_sharpe_rows_2026-06-25.csv
ETH-USD-ZRO-USD,ETH-USD,ZRO-USD,,,,,,,False,missing,missing_exact_mode,1.48,,,1.75,0.1,False,False,False,,,,,,,,,,False,False,False,,,,crypto_wizards_active_report,data/raw/crypto_wizards_scanner_2026-06-25/scanner_dydx_sharpe.json,/Users/gregc/Documents/Codex/2026-06-15-chief-quantitative-research-architect-you-are/reports/active/crypto_wizards_multi_venue_sharpe_rows_2026-06-25.csv
ETH-USD-MOVE-USD,ETH-USD,MOVE-USD,,,,,,,False,missing,missing_exact_mode,1.47,,,1.75,0.1,False,False,False,,,,,,,,,,False,False,False,,,,crypto_wizards_active_report,data/raw/crypto_wizards_scanner_2026-06-25/scanner_dydx_sharpe.json,/Users/gregc/Documents/Codex/2026-06-15-chief-quantitative-research-architect-you-are/reports/active/crypto_wizards_multi_venue_sharpe_rows_2026-06-25.csv
BTC-USD-ETHFI-USD,BTC-USD,ETHFI-USD,,,,,,,False,missing,missing_exact_mode,1.45,,,1.75,0.1,False,False,False,,,,,,,,,,False,False,False,,,,crypto_wizards_active_report,data/raw/crypto_wizards_scanner_2026-06-25/scanner_dydx_sharpe.json,/Users/gregc/Documents/Codex/2026-06-15-chief-quantitative-research-architect-you-are/reports/active/crypto_wizards_multi_venue_sharpe_rows_2026-06-25.csv
ETH-USD-ETHFI-USD,ETH-USD,ETHFI-USD,,,,,,,False,missing,missing_exact_mode,1.45,,,1.75,0.1,False,False,False,,,,,,,,,,False,False,False,,,,crypto_wizards_active_report,data/raw/crypto_wizards_scanner_2026-06-25/scanner_dydx_sharpe.json,/Users/gregc/Documents/Codex/2026-06-15-chief-quantitative-research-architect-you-are/reports/active/crypto_wizards_multi_venue_sharpe_rows_2026-06-25.csv
ETH-USD-FLOKI-USD,ETH-USD,FLOKI-USD,,,,,,,False,missing,missing_exact_mode,1.43,,,1.75,0.1,False,False,False,,,,,,,,,,False,False,False,,,,crypto_wizards_active_report,data/raw/crypto_wizards_scanner_2026-06-25/scanner_dydx_sharpe.json,/Users/gregc/Documents/Codex/2026-06-15-chief-quantitative-research-architect-you-are/reports/active/crypto_wizards_multi_venue_sharpe_rows_2026-06-25.csv
DOT-USD-ETHFI-USD,DOT-USD,ETHFI-USD,,,,,,,False,missing,missing_exact_mode,1.43,,,1.75,0.1,False,False,False,,,,,,,,,,False,False,False,,,,crypto_wizards_active_report,data/raw/crypto_wizards_scanner_2026-06-25/scanner_dydx_sharpe.json,/Users/gregc/Documents/Codex/2026-06-15-chief-quantitative-research-architect-you-are/reports/active/crypto_wizards_multi_venue_sharpe_rows_2026-06-25.csv
ETH-USD-POPCAT-USD,ETH-USD,POPCAT-USD,,,,,,,False,missing,missing_exact_mode,1.41,,,1.75,0.1,False,False,False,,,,,,,,,,False,False,False,,,,crypto_wizards_active_report,data/raw/crypto_wizards_scanner_2026-06-25/scanner_dydx_sharpe.json,/Users/gregc/Documents/Codex/2026-06-15-chief-quantitative-research-architect-you-are/reports/active/crypto_wizards_multi_venue_sharpe_rows_2026-06-25.csv
ETH-USD-WLD-USD,ETH-USD,WLD-USD,,,,,,,False,missing,missing_exact_mode,1.39,,,1.75,0.1,False,False,False,,,,,,,,,,False,False,False,,,,crypto_wizards_active_report,data/raw/crypto_wizards_scanner_2026-06-25/scanner_dydx_sharpe.json,/Users/gregc/Documents/Codex/2026-06-15-chief-quantitative-research-architect-you-are/reports/active/crypto_wizards_multi_venue_sharpe_rows_2026-06-25.csv
ETH-USD-MORPHO-USD,ETH-USD,MORPHO-USD,,,,,,,False,missing,missing_exact_mode,1.37,,,1.75,0.1,False,False,False,,,,,,,,,,False,False,False,,,,crypto_wizards_active_report,data/raw/crypto_wizards_scanner_2026-06-25/scanner_dydx_sharpe.json,/Users/gregc/Documents/Codex/2026-06-15-chief-quantitative-research-architect-you-are/reports/active/crypto_wizards_multi_venue_sharpe_rows_2026-06-25.csv
LINK-ETH-METIS-USD,LINK-ETH,METIS-USD,,,,,,,False,missing,missing_exact_mode,1.35,,,1.75,0.1,False,False,False,,,,,,,,,,False,False,False,,,,crypto_wizards_active_report,data/raw/crypto_wizards_scanner_2026-06-25/scanner_coinbase_sharpe.json,/Users/gregc/Documents/Codex/2026-06-15-chief-quantitative-research-architect-you-are/reports/active/crypto_wizards_multi_venue_sharpe_rows_2026-06-25.csv
ETH-USD-SEI-USD,ETH-USD,SEI-USD,,,,,,,False,missing,missing_exact_mode,1.3,,,1.75,0.1,False,False,False,,,,,,,,,,False,False,False,,,,crypto_wizards_active_report,data/raw/crypto_wizards_scanner_2026-06-25/scanner_dydx_sharpe.json,/Users/gregc/Documents/Codex/2026-06-15-chief-quantitative-research-architect-you-are/reports/active/crypto_wizards_multi_venue_sharpe_rows_2026-06-25.csv
SOL-ETH-HIGH-USD,SOL-ETH,HIGH-USD,,,,,,,False,missing,missing_exact_mode,1.29,,,1.75,0.1,False,False,False,,,,,,,,,,False,False,False,,,,crypto_wizards_active_report,data/raw/crypto_wizards_scanner_2026-06-25/scanner_coinbase_sharpe.json,/Users/gregc/Documents/Codex/2026-06-15-chief-quantitative-research-architect-you-are/reports/active/crypto_wizards_multi_venue_sharpe_rows_2026-06-25.csv
ETH-USD-SUI-USD,ETH-USD,SUI-USD,,,,,,,False,missing,missing_exact_mode,1.29,,,1.75,0.1,False,False,False,,,,,,,,,,False,False,False,,,,crypto_wizards_active_report,data/raw/crypto_wizards_scanner_2026-06-25/scanner_dydx_sharpe.json,/Users/gregc/Documents/Codex/2026-06-15-chief-quantitative-research-architect-you-are/reports/active/crypto_wizards_multi_venue_sharpe_rows_2026-06-25.csv
ETC-USD-ETHFI-USD,ETC-USD,ETHFI-USD,,,,,,,False,missing,missing_exact_mode,1.27,,,1.75,0.1,False,False,False,,,,,,,,,,False,False,False,,,,crypto_wizards_active_report,data/raw/crypto_wizards_scanner_2026-06-25/scanner_dydx_sharpe.json,/Users/gregc/Documents/Codex/2026-06-15-chief-quantitative-research-architect-you-are/reports/active/crypto_wizards_multi_venue_sharpe_rows_2026-06-25.csv
ETH-USD-OP-USD,ETH-USD,OP-USD,,,,,,,False,missing,missing_exact_mode,1.24,,,1.75,0.1,False,False,False,,,,,,,,,,False,False,False,,,,crypto_wizards_active_report,data/raw/crypto_wizards_scanner_2026-06-25/scanner_dydx_sharpe.json,/Users/gregc/Documents/Codex/2026-06-15-chief-quantitative-research-architect-you-are/reports/active/crypto_wizards_multi_venue_sharpe_rows_2026-06-25.csv
SOL-ETH-S-USD,SOL-ETH,S-USD,,,,,,,False,missing,missing_exact_mode,1.23,,,1.75,0.1,False,False,False,,,,,,,,,,False,False,False,,,,crypto_wizards_active_report,data/raw/crypto_wizards_scanner_2026-06-25/scanner_coinbase_sharpe.json,/Users/gregc/Documents/Codex/2026-06-15-chief-quantitative-research-architect-you-are/reports/active/crypto_wizards_multi_venue_sharpe_rows_2026-06-25.csv
ETH-USD-XLM-USD,ETH-USD,XLM-USD,,,,,,,False,missing,missing_exact_mode,1.22,,,1.75,0.1,False,False,False,,,,,,,,,,False,False,False,,,,crypto_wizards_active_report,data/raw/crypto_wizards_scanner_2026-06-25/scanner_dydx_sharpe.json,/Users/gregc/Documents/Codex/2026-06-15-chief-quantitative-research-architect-you-are/reports/active/crypto_wizards_multi_venue_sharpe_rows_2026-06-25.csv
AVAX-USD-ETHFI-USD,AVAX-USD,ETHFI-USD,,,,,,,False,missing,missing_exact_mode,1.2,,,1.75,0.1,False,False,False,,,,,,,,,,False,False,False,,,,crypto_wizards_active_report,data/raw/crypto_wizards_scanner_2026-06-25/scanner_dydx_sharpe.json,/Users/gregc/Documents/Codex/2026-06-15-chief-quantitative-research-architect-you-are/reports/active/crypto_wizards_multi_venue_sharpe_rows_2026-06-25.csv
ETH-USD-LINK-USD,ETH-USD,LINK-USD,,,,,,,False,missing,missing_exact_mode,1.19,,,1.75,0.1,False,False,False,,,,,,,,,,False,False,False,,,,crypto_wizards_active_report,data/raw/crypto_wizards_scanner_2026-06-25/scanner_dydx_sharpe.json,/Users/gregc/Documents/Codex/2026-06-15-chief-quantitative-research-architect-you-are/reports/active/crypto_wizards_multi_venue_sharpe_rows_2026-06-25.csv
ETH-USD-S-USD,ETH-USD,S-USD,,,,,,,False,missing,missing_exact_mode,1.15,,,1.75,0.1,False,False,False,,,,,,,,,,False,False,False,,,,crypto_wizards_active_report,data/raw/crypto_wizards_scanner_2026-06-25/scanner_dydx_sharpe.json,/Users/gregc/Documents/Codex/2026-06-15-chief-quantitative-research-architect-you-are/reports/active/crypto_wizards_multi_venue_sharpe_rows_2026-06-25.csv
DYDX-USD-ETHFI-USD,DYDX-USD,ETHFI-USD,,,,,,,False,missing,missing_exact_mode,1.15,,,1.75,0.1,False,False,False,,,,,,,,,,False,False,False,,,,crypto_wizards_active_report,data/raw/crypto_wizards_scanner_2026-06-25/scanner_dydx_sharpe.json,/Users/gregc/Documents/Codex/2026-06-15-chief-quantitative-research-architect-you-are/reports/active/crypto_wizards_multi_venue_sharpe_rows_2026-06-25.csv
BTC-USD/DOGE-USD,BTC-USD,DOGE-USD,,Hourly,,,,,False,missing,missing_exact_mode,0.34503093,,,1.75,0.1,False,False,False,,,,,,,,,,False,False,False,,,,crypto_wizards_active_report,reports/crypto_wizards_intraday_stat_validation.csv,/Users/gregc/Documents/Codex/2026-06-15-chief-quantitative-research-architect-you-are/reports/active/crypto_wizards_research_blockers_only_list.csv
ETH-USD/XRP-USD,ETH-USD,XRP-USD,,Hourly,,,,,False,missing,missing_exact_mode,0.29230958,,,1.75,0.1,False,False,False,,,,,,,,,,False,False,False,,,,crypto_wizards_active_report,reports/crypto_wizards_intraday_stat_validation.csv,/Users/gregc/Documents/Codex/2026-06-15-chief-quantitative-research-architect-you-are/reports/active/crypto_wizards_research_blockers_only_list.csv
DOGE-USD/LTC-USD,DOGE-USD,LTC-USD,,Hourly,,,,,False,missing,missing_exact_mode,0.24832073,,,1.75,0.1,False,False,False,,,,,,,,,,False,False,False,,,,crypto_wizards_active_report,reports/crypto_wizards_intraday_stat_validation.csv,/Users/gregc/Documents/Codex/2026-06-15-chief-quantitative-research-architect-you-are/reports/active/crypto_wizards_research_blockers_only_list.csv
,,,,,,,,,False,missing,missing_exact_mode,,,,1.75,0.1,False,False,False,,,,,,,,,,False,False,False,,,,crypto_wizards_active_report,/Users/gregc/Documents/Codex/2026-06-15-chief-quantitative-research-architect-you-are/reports/active/crypto_wizards_exchange_inventory_2026-06-25.csv,/Users/gregc/Documents/Codex/2026-06-15-chief-quantitative-research-architect-you-are/reports/active/crypto_wizards_exchange_inventory_2026-06-25.csv
,,,,,,,,,False,missing,missing_exact_mode,,,,1.75,0.1,False,False,False,,,,,,,,,,False,False,False,,,,crypto_wizards_pair_detail,data/raw/pair_details/crypto_wizards_pair_1_codex_read_only_capture.json,/Users/gregc/Documents/Codex/2026-06-15-chief-quantitative-research-architect-you-are/data/raw/pair_details/crypto_wizards_pair_1_codex_read_only_capture.json
,,,,,,,,,False,missing,missing_exact_mode,,,,1.75,0.1,False,False,False,,,,,,,,,,False,False,False,,,,crypto_wizards_pair_detail,data/raw/pair_details/crypto_wizards_pair_1_endpoint_capture.json,/Users/gregc/Documents/Codex/2026-06-15-chief-quantitative-research-architect-you-are/data/raw/pair_details/crypto_wizards_pair_1_endpoint_capture.json
AVAX-USD-BLUR-USD,AVAX-USD,BLUR-USD,dydx,5mins,12000.0,,,,False,missing,missing_exact_mode,,,,1.75,0.1,False,False,False,,,,,,,,,,True,True,True,377.63514328285805,,,crypto_wizards_pair_detail,data/raw/pair_details/pair_avax_blur_cw1_5mins_dydx_long_history_derived_history.json,/Users/gregc/Documents/Codex/2026-06-15-chief-quantitative-research-architect-you-are/data/raw/pair_details/pair_avax_blur_cw1_5mins_dydx_long_history_derived_history.json
BLUR-USD-ETHFI-USD,BLUR-USD,ETHFI-USD,dydx,5mins,12000.0,,,,False,missing,missing_exact_mode,,,,1.75,0.1,False,False,False,,,,,,,,,,True,True,True,0.022976157285397005,,,crypto_wizards_pair_detail,data/raw/pair_details/pair_blur_ethfi_cw1_5mins_dydx_long_history_derived_history.json,/Users/gregc/Documents/Codex/2026-06-15-chief-quantitative-research-architect-you-are/data/raw/pair_details/pair_blur_ethfi_cw1_5mins_dydx_long_history_derived_history.json
BTC-USD-WLD-USD,BTC-USD,WLD-USD,dydx,1day,400.0,,,,False,missing,missing_exact_mode,,,,1.75,0.1,False,False,False,,,,,,,,,,True,True,True,43964.20890109351,,,crypto_wizards_pair_detail,data/raw/pair_details/pair_btc_wld_cw_daily_1day_dydx_long_history_derived_history.json,/Users/gregc/Documents/Codex/2026-06-15-chief-quantitative-research-architect-you-are/data/raw/pair_details/pair_btc_wld_cw_daily_1day_dydx_long_history_derived_history.json
BTC-USD-WLD-USD,BTC-USD,WLD-USD,dydx,5mins,12000.0,,,,False,missing,missing_exact_mode,,,,1.75,0.1,False,False,False,,,,,,,,,,True,True,True,-41622.496552907425,,,crypto_wizards_pair_detail,data/raw/pair_details/pair_btc_wld_cw_liq1_5mins_dydx_long_history_derived_history.json,/Users/gregc/Documents/Codex/2026-06-15-chief-quantitative-research-architect-you-are/data/raw/pair_details/pair_btc_wld_cw_liq1_5mins_dydx_long_history_derived_history.json
,,,,,,,,,False,missing,missing_exact_mode,,,,1.75,0.1,False,False,False,,,,,,,,,,False,False,False,,,,crypto_wizards_pair_detail,data/raw/pair_details/pair_crypto_wizards_pair_1_capture_capture.json,/Users/gregc/Documents/Codex/2026-06-15-chief-quantitative-research-architect-you-are/data/raw/pair_details/pair_crypto_wizards_pair_1_capture_capture.json
DOGE-USD-FLOKI-USD,DOGE-USD,FLOKI-USD,dydx,5mins,12000.0,,,,False,missing,missing_exact_mode,,,,1.75,0.1,False,False,False,,,,,,,,,,True,True,True,1061.4269179633393,,,crypto_wizards_pair_detail,data/raw/pair_details/pair_doge_floki_cw1_5mins_dydx_long_history_derived_history.json,/Users/gregc/Documents/Codex/2026-06-15-chief-quantitative-research-architect-you-are/data/raw/pair_details/pair_doge_floki_cw1_5mins_dydx_long_history_derived_history.json
ETH-USD-HBAR-USD,ETH-USD,HBAR-USD,dydx,5mins,12000.0,,,,False,missing,missing_exact_mode,,,,1.75,0.1,False,False,False,,,,,,,,,,True,True,True,27818.418836448975,,,crypto_wizards_pair_detail,data/raw/pair_details/pair_eth_hbar_cw1_5mins_dydx_long_history_derived_history.json,/Users/gregc/Documents/Codex/2026-06-15-chief-quantitative-research-architect-you-are/data/raw/pair_details/pair_eth_hbar_cw1_5mins_dydx_long_history_derived_history.json
ETH-USD-WLD-USD,ETH-USD,WLD-USD,dydx,1day,400.0,,,,False,missing,missing_exact_mode,,,,1.75,0.1,False,False,False,,,,,,,,,,True,True,True,1696.1975824549133,,,crypto_wizards_pair_detail,data/raw/pair_details/pair_eth_wld_cw_daily_1day_dydx_long_history_derived_history.json,/Users/gregc/Documents/Codex/2026-06-15-chief-quantitative-research-architect-you-are/data/raw/pair_details/pair_eth_wld_cw_daily_1day_dydx_long_history_derived_history.json
ETH-USD-WLD-USD,ETH-USD,WLD-USD,dydx,1day,800.0,,,,False,missing,missing_exact_mode,,,,1.75,0.1,False,False,False,,,,,,,,,,True,True,True,238.2085991466963,,,crypto_wizards_pair_detail,data/raw/pair_details/pair_eth_wld_cw_daily_deep_1day_dydx_long_history_derived_history.json,/Users/gregc/Documents/Codex/2026-06-15-chief-quantitative-research-architect-you-are/data/raw/pair_details/pair_eth_wld_cw_daily_deep_1day_dydx_long_history_derived_history.json
ETH-USD-WLD-USD,ETH-USD,WLD-USD,dydx,5mins,12000.0,,,,False,missing,missing_exact_mode,,,,1.75,0.1,False,False,False,,,,,,,,,,True,True,True,-1305.575566003437,,,crypto_wizards_pair_detail,data/raw/pair_details/pair_eth_wld_cw_liq1_5mins_dydx_long_history_derived_history.json,/Users/gregc/Documents/Codex/2026-06-15-chief-quantitative-research-architect-you-are/data/raw/pair_details/pair_eth_wld_cw_liq1_5mins_dydx_long_history_derived_history.json
EUR-USD-FIL-USD,EUR-USD,FIL-USD,dydx,1day,581.0,,,,False,missing,missing_exact_mode,,,,1.75,0.1,False,False,False,,,,,,,,,,True,True,True,-0.01938387072422187,,,crypto_wizards_pair_detail,data/raw/pair_details/pair_eur_fil_cw_daily_sharpe_1day_dydx_long_history_derived_history.json,/Users/gregc/Documents/Codex/2026-06-15-chief-quantitative-research-architect-you-are/data/raw/pair_details/pair_eur_fil_cw_daily_sharpe_1day_dydx_long_history_derived_history.json
HYPE-USD-TRX-USD,HYPE-USD,TRX-USD,dydx,5mins,12000.0,,,,False,missing,missing_exact_mode,,,,1.75,0.1,False,False,False,,,,,,,,,,True,True,True,-209.39781272955506,,,crypto_wizards_pair_detail,data/raw/pair_details/pair_hype_trx_cw_liq1_5mins_dydx_long_history_derived_history.json,/Users/gregc/Documents/Codex/2026-06-15-chief-quantitative-research-architect-you-are/data/raw/pair_details/pair_hype_trx_cw_liq1_5mins_dydx_long_history_derived_history.json
SOL-USD-USUAL-USD,SOL-USD,USUAL-USD,dydx,5mins,12000.0,,,,False,missing,missing_exact_mode,,,,1.75,0.1,False,False,False,,,,,,,,,,True,True,True,3452.13146261163,,,crypto_wizards_pair_detail,data/raw/pair_details/pair_sol_usual_cw1_5mins_dydx_long_history_derived_history.json,/Users/gregc/Documents/Codex/2026-06-15-chief-quantitative-research-architect-you-are/data/raw/pair_details/pair_sol_usual_cw1_5mins_dydx_long_history_derived_history.json
SOL-USD-WLD-USD,SOL-USD,WLD-USD,dydx,1day,365.0,,,,False,missing,missing_exact_mode,,,,1.75,0.1,False,False,False,,,,,,,,,,True,True,True,126.32707392554029,,,crypto_wizards_pair_detail,data/raw/pair_details/pair_sol_wld_cw_daily_sharpe_1day_dydx_cached_derived_history.json,/Users/gregc/Documents/Codex/2026-06-15-chief-quantitative-research-architect-you-are/data/raw/pair_details/pair_sol_wld_cw_daily_sharpe_1day_dydx_cached_derived_history.json
SOL-USD-WLD-USD,SOL-USD,WLD-USD,dydx,5mins,12000.0,,,,False,missing,missing_exact_mode,,,,1.75,0.1,False,False,False,,,,,,,,,,True,True,True,-50.45678723712322,,,crypto_wizards_pair_detail,data/raw/pair_details/pair_sol_wld_cw_liq1_5mins_dydx_long_history_derived_history.json,/Users/gregc/Documents/Codex/2026-06-15-chief-quantitative-research-architect-you-are/data/raw/pair_details/pair_sol_wld_cw_liq1_5mins_dydx_long_history_derived_history.json
